"","name","entity_type","num_appearances","org_type","leader_dist_min","GSA","admin_sum","basin_plan_sum","sust_criteria_sum","monitoring_networks_sum","projects_mgmt_actions_sum","degree","closeness","betweeness","eigenvector","indegree","outdegree"
"1","groundwater_sustainability_plan","ORG",404,"Loc_Gov",1,0,37,14,10,6,4,0.0399137001078749,0.415697674418605,0.003953363093661,0.567150249337337,0.0215749730312837,0.0183387270765912
"2","aliso_water_district","ORG",362,"Spec_Dist",1,0,37,4,14,12,13,0.0485436893203883,0.483108108108108,0.00395296807694495,0.247311071712914,0.0075512405609493,0.0409924487594391
"3","subbasin","GPE",295,NA,1,0,22,12,7,8,1,0.0431499460625674,0.42433234421365,0.00524516157287866,0.568752472725071,0.0226537216828479,0.0204962243797195
"4","aliso_water_district_groundwater_sustainability_agency","ORG",428,NA,0,1,22,8,2,4,11,0.0323624595469256,0.405099150141643,0.00261773960268372,0.351519232165306,0.0129449838187702,0.0194174757281553
"5","sustainable_groundwater_management_act","ORG",180,"CA_Gov",1,0,12,1,0,5,0,0.0183387270765912,0.372395833333333,0.00165006424521197,0.430027204468546,0.011866235167206,0.00647249190938511
"6","department_of_water_resources","ORG",148,"CA_Gov",2,0,9,8,2,6,4,0.0334412081984898,0.371428571428571,0.00262755191075489,0.463089585836259,0.0161812297734628,0.017259978425027
"7","san_joaquin_river","ORG",180,"Drop",2,0,15,16,4,8,4,0.0366774541531823,0.412103746397695,0.00389618472789295,0.269315607683371,0.0151024811218986,0.0215749730312837
"8","groundwater_sustainability_plan_group","ORG",114,"Ambig",3,0,10,11,4,8,3,0.0237324703344121,0.383378016085791,0.00154104768114288,0.106119472072002,0.0107874865156419,0.0129449838187702
"9","coordination_committee","ORG",138,"Ambig",2,0,22,6,2,6,0,0.029126213592233,0.33806146572104,0.00191914543800373,0.207313748605362,0.011866235167206,0.017259978425027
"10","party","ORG",52,"Drop",Inf,0,4,0,0,3,0,0.0075512405609493,0.346062052505967,0.000168918525352923,0,0.00215749730312837,0.00539374325782093
"11","data_management_system","ORG",50,"Drop",1,0,2,1,6,0,0,0.0075512405609493,0.336470588235294,0.000224564559107116,0.260098718687302,0.00539374325782093,0.00215749730312837
"12","department","ORG",47,"Ambig",1,0,2,1,0,0,0,0.0107874865156419,1,0.000319197765149662,0.0810339864288447,0.00539374325782093,0.00539374325782093
"13","san_joaquin","GPE",44,NA,3,0,8,1,2,1,0,0.00970873786407767,0.263837638376384,0.000284242632757664,0.0914430988034744,0.00539374325782093,0.00431499460625674
"14","madera_county","GPE",42,NA,1,0,15,0,0,0,7,0.0107874865156419,0.331786542923434,0.000381723507426849,0.120602701816033,0.00431499460625674,0.00647249190938511
"15","san_joaquin_river_restoration_program","ORG",42,"Loc_Gov",2,0,0,1,1,13,0,0.00539374325782093,0.298538622129436,9.63265098250804e-06,0.105046549341203,0.00323624595469256,0.00215749730312837
"16","san_joaquin_valley","GPE",39,NA,3,0,9,6,0,1,0,0.0151024811218986,0.330254041570439,0.00111002039014788,0.0199660029368158,0.00539374325782093,0.00970873786407767
"17","delta_mendota_subbasin","ORG",65,"Drop",2,0,2,4,1,2,0,0.0140237324703344,0.362025316455696,0.00101127722836433,0.10268294081322,0.00539374325782093,0.00862998921251348
"18","california","GPE",34,NA,3,0,2,0,0,1,0,0.00862998921251348,0.272380952380952,0.000874159042185212,0.0772528586374313,0.0075512405609493,0.00107874865156419
"19","bureau_of_reclamation","ORG",33,"NL_Gov",2,0,7,0,3,13,0,0.0140237324703344,0.351351351351351,0.000990678434638258,0.144248733580925,0.00323624595469256,0.0107874865156419
"20","groundwater_sustainability_plan_groups","ORG",40,"Ambig",3,0,2,3,0,1,0,0.00862998921251348,0.30752688172043,4.40705168210463e-05,0.157430892147874,0.00539374325782093,0.00323624595469256
"21","state","ORG",27,"Drop",3,0,1,0,0,0,0,0.00647249190938511,0.316371681415929,0.000341483755985353,0.0772528586374313,0.00215749730312837,0.00431499460625674
"22","water_year","GPE",26,"Drop",3,0,0,2,0,0,0,0.00215749730312837,NaN,0,0.0329526465871622,0.00215749730312837,0
"23","customs_and_border_protection","ORG",24,"NL_Gov",2,0,0,0,1,0,0,0.00107874865156419,NaN,0,0.0393102454519854,0.00107874865156419,0
"24","mendota_subbasin","PERSON",25,NA,3,0,1,7,0,0,0,0.00862998921251348,0.263351749539595,0.000582126421942732,0.0428078798444312,0.00215749730312837,0.00647249190938511
"25","parties","ORG",25,"Ambig",3,0,8,0,0,2,0,0.0075512405609493,0.333333333333333,7.05075355414008e-05,0.0329526465871622,0.00107874865156419,0.00647249190938511
"26","chowchilla_bypass","ORG",33,"Drop",2,0,5,0,0,0,1,0.00431499460625674,0.293032786885246,0.000329682363275016,0.0536394644287909,0.00323624595469256,0.00107874865156419
"27","los_banos","GPE",21,NA,3,0,1,1,0,0,1,0.00215749730312837,1,4.04572349884686e-05,0.0143696996250984,0.00107874865156419,0.00107874865156419
"28","cottonwood_creek","GPE",20,NA,2,0,1,0,0,0,1,0.00215749730312837,1,0.000102516070559015,0.0393102454519853,0.00107874865156419,0.00107874865156419
"29","technical_working_group","ORG",32,"Ambig",2,0,0,2,0,0,0,0.0075512405609493,0.254901960784314,0.00033862755612006,0.146284622520639,0.00431499460625674,0.00323624595469256
"30","aliso","GPE",18,NA,Inf,0,1,0,0,0,0,0.00215749730312837,1,1.16495534726154e-06,0,0.00107874865156419,0.00107874865156419
"31","groundwater_sustainability_plan_group_representative","ORG",22,"Ambig",3,0,7,0,0,5,0,0.00862998921251348,0.294238683127572,0.000146655270478374,0.0564853639835428,0.00431499460625674,0.00431499460625674
"32","madera","GPE",17,NA,2,0,3,0,1,0,0,0.00431499460625674,NaN,0,0.0584801183481905,0.00431499460625674,0
"33","technical_memoranda","ORG",38,"Drop",2,0,6,4,0,0,0,0.0107874865156419,0.328735632183908,0.000252351517842512,0.120451585468744,0.00323624595469256,0.0075512405609493
"34","united_states_geological_survey","ORG",17,NA,3,0,0,1,0,2,0,0.00539374325782093,0.270321361058601,0.000154805923431812,0.0229284240447861,0.00107874865156419,0.00431499460625674
"35","mendota","GPE",16,NA,Inf,0,0,0,0,0,0,0.00107874865156419,0.2152466367713,0,0,0,0.00107874865156419
"36","groundwater_dependent_ecosystem","ORG",15,NA,1,0,1,0,0,0,0,0.00539374325782093,0.298538622129436,0.000366960934387385,0.0558741960147758,0.00215749730312837,0.00323624595469256
"37","central_valley_project","ORG",15,"Project",3,0,2,0,0,0,0,0.00215749730312837,NaN,0,0.0229284240447861,0.00215749730312837,0
"38","hotchkiss","ORG",13,"Drop",3,0,1,3,0,0,0,0.00323624595469256,NaN,0,0.0459814881697891,0.00323624595469256,0
"39","tulare_formation","ORG",20,"Drop",Inf,0,2,0,0,0,0,0.00215749730312837,0.249566724436742,0.000167753570005662,0,0.00107874865156419,0.00107874865156419
"40","fresno","GPE",12,NA,3,0,0,1,0,0,0,0.00107874865156419,NaN,0,0.0428078798444312,0.00107874865156419,0
"41","bypass","PERSON",12,"Drop",Inf,0,0,0,0,0,0,0,NaN,0,0,0,0
"42","dmc","ORG",11,"Drop",Inf,0,0,1,0,0,0,0.00107874865156419,1,0,0,0,0.00107874865156419
"43","county","GPE",10,NA,2,0,0,0,0,0,1,0.00431499460625674,0.289473684210526,0,0.0467395207355211,0.00215749730312837,0.00215749730312837
"44","data_quality_objective","ORG",12,"Drop",2,0,0,0,0,1,0,0.00215749730312837,0.271863117870722,0,0.0901488775055163,0.00107874865156419,0.00107874865156419
"45","dos_palos","GPE",10,NA,Inf,0,0,0,0,0,0,0,NaN,0,0,0,0
"46","merced","GPE",10,NA,Inf,0,2,0,0,0,0,0.00215749730312837,NaN,0,0,0.00215749730312837,0
"47","subarticle","ORG",10,"Drop",Inf,0,0,0,0,0,0,0,NaN,0,0,0,0
"48","af","ORG",9,"Drop",2,0,0,1,0,0,1,0.00215749730312837,NaN,0,0.0393102454519853,0.00215749730312837,0
"49","food_and_agriculture_organization","ORG",10,"NL_Gov",Inf,0,1,0,1,0,0,0.00107874865156419,NaN,0,0,0.00107874865156419,0
"50","gis","ORG",9,"Drop",Inf,0,0,0,0,0,0,0,NaN,0,0,0,0
"51","median_household_income","ORG",9,"Drop",2,0,0,1,0,0,1,0.00215749730312837,0.666666666666667,0.000205032141118031,0.090403551888691,0.00107874865156419,0.00107874865156419
"52","sacramento","GPE",9,NA,3,0,1,3,0,0,0,0.00323624595469256,NaN,0,0.0459814881697891,0.00323624595469256,0
"53","board","ORG",8,NA,1,0,0,0,0,0,0,0.00107874865156419,NaN,0,0.0558741960147758,0.00107874865156419,0
"54","patterson","GPE",8,NA,3,0,2,1,0,0,1,0.00215749730312837,NaN,0,0.0143696996250984,0.00215749730312837,0
"55","sustainable_management_criteria","ORG",16,"Drop",2,0,2,0,2,0,0,0.00215749730312837,NaN,0,0.129459122957502,0.00215749730312837,0
"56","state_water_project","ORG",9,"Project",2,0,3,0,0,0,0,0.00215749730312837,NaN,0,0.164011923561649,0.00215749730312837,0
"57","stanislaus","GPE",8,NA,Inf,0,0,0,0,0,0,0,NaN,0,0,0,0
"58","delta_mendota_coordination_committee","ORG",8,"GSA",Inf,0,0,0,0,0,0,0,NaN,0,0,0,0
"59","best_management_practice","ORG",7,"Drop",Inf,0,0,0,0,0,0,0.00107874865156419,0.211988304093567,0,0,0,0.00107874865156419
"60","fresno_county","GPE",7,NA,Inf,0,0,0,0,0,0,0,NaN,0,0,0,0
"61","global_positioning_system","ORG",9,"Drop",Inf,0,0,0,0,0,0,0,NaN,0,0,0,0
"62","grf","ORG",7,"Drop",2,0,0,1,0,2,0,0.00323624595469256,1,2.32991069452308e-06,0.0821181252964166,0.00215749730312837,0.00107874865156419
"63","irrigated_lands_regulatory_program","ORG",8,"CA_Gov",2,0,1,0,0,1,0,0.00215749730312837,NaN,0,0.0393102454519854,0.00215749730312837,0
"64","mi","ORG",7,"Drop",2,0,4,2,0,0,2,0.00431499460625674,0.8,0.000345675535970992,0.090403551888691,0.00107874865156419,0.00323624595469256
"65","national_aeronautics_and_space_administration","ORG",7,"NL_Gov",3,0,0,0,0,1,0,0.00107874865156419,NaN,0,0.0736083716729576,0.00107874865156419,0
"66","nature_conservancy","ORG",13,NA,2,0,1,1,0,0,0,0.00431499460625674,0.272380952380952,2.95306385285206e-05,0.164011923561649,0.00215749730312837,0.00215749730312837
"67","situation_assessment","ORG",7,"Drop",Inf,0,0,0,0,0,0,0,NaN,0,0,0,0
"68","wells","ORG",7,"Drop",Inf,0,0,0,0,1,0,0.00107874865156419,0.293279022403259,0,0,0,0.00107874865156419
"69","upper_and_lower_aquifers","ORG",7,"Drop",Inf,0,0,0,0,0,0,0,NaN,0,0,0,0
"70","district","GPE",8,"Ambig",2,0,2,0,0,0,2,0.00323624595469256,0.229903536977492,0.000126039090999564,0.0901488775055163,0.00107874865156419,0.00215749730312837
"71","ec","ORG",6,"Drop",Inf,0,1,0,2,3,0,0.00431499460625674,1,0,0,0.00107874865156419,0.00323624595469256
"72","facility","ORG",6,"Drop",3,0,0,0,0,0,1,0.00107874865156419,NaN,0,0.00624838745306622,0.00107874865156419,0
"73","fresno_slough","GPE",6,NA,4,0,1,1,0,0,0,0.00215749730312837,0.209985315712188,1.32028272689641e-05,0.0068043385696744,0.00107874865156419,0.00107874865156419
"74","gustine","GPE",6,NA,Inf,0,0,0,0,0,0,0,NaN,0,0,0,0
"75","hydrographs","ORG",6,"Drop",Inf,0,0,0,0,0,0,0.00107874865156419,0.555555555555556,0,0,0,0.00107874865156419
"76","kdsa","ORG",6,"Drop",4,0,0,2,0,0,0,0.00539374325782093,NaN,0,0.00545768083137831,0.00539374325782093,0
"77","sldmwa","ORG",6,"WC",Inf,0,1,0,0,0,0,0.00215749730312837,1,0,0,0,0.00215749730312837
"78","congress_us_senate","ORG",6,"NL_Gov",1,0,5,0,0,1,0,0.00431499460625674,NaN,0,0.0750440689109809,0.00431499460625674,0
"79","lower_san_joaquin_levee_district","ORG",6,"Spec_Dist",Inf,0,2,0,0,0,0,0.00107874865156419,0.289738430583501,0,0,0,0.00107874865156419
"80","alternate_representative","ORG",6,"Drop",4,0,2,0,0,1,0,0.00323624595469256,0.278752436647173,0,0.00897838300266388,0.00107874865156419,0.00215749730312837
"81","data_exchange_center","ORG",7,"CA_Gov",3,0,0,2,0,2,0,0.00431499460625674,NaN,0,0.152397401584916,0.00431499460625674,0
"82","coms_plan","ORG",5,"Drop",Inf,0,0,0,0,0,0,0,NaN,0,0,0,0
"83","disadvantaged_community","ORG",5,"Drop",3,0,0,1,0,0,1,0.00431499460625674,1,0.000104845981253539,0.0147421647833516,0.00323624595469256,0.00107874865156419
"84","delta_mendota","GPE",6,"Drop",2,0,0,2,0,0,0,0.00215749730312837,1,5.85972539672554e-05,0.0901488775055163,0.00107874865156419,0.00107874865156419
"85","delta_mendota_subbasin_coordination_committee","ORG",6,"GSA",Inf,0,0,2,0,0,0,0.00215749730312837,NaN,0,0,0.00107874865156419,0.00107874865156419
"86","firebaugh","GPE",5,NA,Inf,0,0,0,0,0,0,0,NaN,0,0,0,0
"87","groundwater_sustainability_agencies","ORG",8,"Ambig",Inf,0,0,1,0,0,0,0.00215749730312837,0.267161410018553,0.000167753570005662,0,0.00107874865156419,0.00107874865156419
"88","hydrogeologic_conceptual_model","ORG",7,"Drop",2,0,1,1,0,0,0,0.00215749730312837,1,0.000102516070559015,0.0393102454519853,0.00107874865156419,0.00107874865156419
"89","kenneth_d_schmidt_associates","ORG",5,"Consult",Inf,0,1,0,0,0,0,0.00107874865156419,1,0,0,0,0.00107874865156419
"90","reporting_monitoring_data","ORG",5,"Drop",Inf,0,0,0,0,0,0,0,NaN,0,0,0,0
"91","spring","GPE",5,NA,Inf,0,0,0,0,0,0,0.00107874865156419,NaN,0,0,0.00107874865156419,0
"92","stanislaus_county","GPE",5,NA,Inf,0,1,0,0,0,0,0.00107874865156419,0.299376299376299,0,0,0,0.00107874865156419
"93","agencies","ORG",4,"Ambig",Inf,0,0,0,0,0,0,0,NaN,0,0,0,0
"94","aliso_wd","ORG",4,"Spec_Dist",Inf,0,0,0,0,0,0,0,NaN,0,0,0,0
"95","andrew_garcia","PERSON",4,NA,3,0,0,1,0,0,0,0.00215749730312837,NaN,0,0.0163215159723421,0.00215749730312837,0
"96","bertoldi_et_al","ORG",4,"Drop",Inf,0,0,0,0,0,0,0,NaN,0,0,0,0
"97","cgps","ORG",4,"Drop",Inf,0,0,0,0,0,0,0.00215749730312837,1,0,0,0,0.00215749730312837
"98","california_code_of_regulations","ORG",7,"Drop",Inf,0,0,1,0,0,0,0.00107874865156419,0.295081967213115,0,0,0,0.00107874865156419
"99","chowchilla","GPE",4,"Drop",2,0,2,0,1,0,0,0.00323624595469256,NaN,0,0.0393102454519853,0.00323624595469256,0
"100","communications_working_group","ORG",4,"Ambig",3,0,0,2,0,0,0,0.00215749730312837,0.253097345132743,0,0.0329526465871622,0.00107874865156419,0.00107874865156419
"101","cottonwood_creek_recharge_facility","ORG",6,"Drop",Inf,0,1,0,0,0,1,0.00215749730312837,0.228934817170111,0,0,0,0.00215749730312837
"102","el_nido","GPE",4,NA,Inf,0,0,0,0,0,0,0,NaN,0,0,0,0
"103","farmers_groundwater_sustainability_agency","ORG",4,"Drop",Inf,0,0,2,0,0,0,0.00215749730312837,1,0,0,0,0.00215749730312837
"104","groundwater_sustainability_plan_group_representatives","ORG",8,"Ambig",3,0,3,0,0,1,0,0.00431499460625674,0.332558139534884,3.05480542013076e-05,0.0329526465871622,0.00107874865156419,0.00323624595469256
"105","groundwater_sustainability_plan_plan","ORG",4,"Drop",3,0,0,0,2,0,0,0.00215749730312837,NaN,0,0.033189270680987,0.00215749730312837,0
"106","groundwater_sustainability_plans","ORG",4,"Drop",Inf,0,0,0,0,0,0,0,NaN,0,0,0,0
"107","group_contact","ORG",5,"Ambig",4,0,0,0,0,2,0,0.00215749730312837,NaN,0,0.0168677547086449,0.00215749730312837,0
"108","integrated_regional_water_management","ORG",5,"Loc_Gov",4,0,0,0,0,0,0,0.00215749730312837,1,0,0.00234327606974219,0.00107874865156419,0.00107874865156419
"109","madera_county_groundwater_sustainability_agency","ORG",5,NA,Inf,0,0,0,0,0,0,0,NaN,0,0,0,0
"110","merced_county","GPE",4,NA,Inf,0,1,0,0,0,0,0.00107874865156419,0.299376299376299,0,0,0,0.00107874865156419
"111","sjrecgsa","ORG",4,"GSA",2,0,1,2,1,0,0,0.00431499460625674,0.252650176678445,0.000202702230423508,0.0393102454519853,0.00107874865156419,0.00323624595469256
"112","san_benito_county","GPE",4,NA,1,0,1,1,0,0,0,0.00215749730312837,0.299163179916318,0,0.0558741960147758,0.00107874865156419,0.00107874865156419
"113","san_luis_delta_mendota_water_authority","ORG",8,"Coalition",Inf,0,0,0,0,0,0,0.00107874865156419,0.253968253968254,0,0,0,0.00107874865156419
"114","shasta","ORG",4,"Drop",Inf,0,0,0,0,0,0,0,NaN,0,0,0,0
"115","corcoran_clay","ORG",7,"Drop",Inf,0,3,0,0,0,0,0.00323624595469256,0.252613240418118,0,0,0,0.00323624595469256
"116","wy2070","ORG",4,"Drop",Inf,0,0,0,0,0,0,0,NaN,0,0,0,0
"117","coordination_committee_and_plan_manager","ORG",4,"Ambig",2,0,2,0,0,0,0,0.00215749730312837,NaN,0,0.0445480886939474,0.00215749730312837,0
"118","coordination_committee_s","ORG",4,"Ambig",3,0,0,1,0,0,0,0.00107874865156419,NaN,0,0.0191458528607794,0.00107874865156419,0
"119","drinking_water_source_assessment_and_protection_program","ORG",4,"Project",Inf,0,3,0,0,0,0,0.00215749730312837,NaN,0,0,0.00215749730312837,0
"120","delta_mendota_subbasin_technical_working_group","ORG",4,"GSA",Inf,0,0,0,0,0,0,0.00323624595469256,0.274952919020716,0,0,0,0.00323624595469256
"121","kings_subbasin","GPE",4,"Drop",Inf,0,4,0,0,0,0,0.00431499460625674,1,0,0,0,0.00431499460625674
"122","state_of_california","GPE",4,NA,Inf,0,0,0,0,0,0,0,NaN,0,0,0,0
"123","united_states","GPE",4,"Drop",Inf,0,0,1,0,0,0,0.00107874865156419,1,0,0,0,0.00107874865156419
"124","awd1","ORG",3,"Drop",Inf,0,0,0,1,1,0,0.00107874865156419,NaN,0,0,0.00107874865156419,0
"125","bill","PERSON",5,NA,2,0,2,0,0,0,0,0.00107874865156419,NaN,0,0.0191698728962051,0.00107874865156419,0
"126","cc39","PERSON",3,NA,Inf,0,0,0,0,0,0,0,NaN,0,0,0,0
"127","central_valley","ORG",3,"Drop",2,0,0,0,0,1,0,0.00107874865156419,NaN,0,0.0393102454519853,0.00107874865156419,0
"128","central_valley_regional_water_quality_control_board","ORG",4,"CA_Gov",Inf,0,1,0,0,0,0,0.00107874865156419,1,0,0,0,0.00107874865156419
"129","collaborating_for_success","ORG",3,"Drop",Inf,0,0,0,0,0,0,0,NaN,0,0,0,0
"130","cropscape","ORG",3,"Drop",Inf,0,0,1,0,0,0,0.00107874865156419,1,0,0,0,0.00107874865156419
"131","current_water_budget","ORG",4,"Drop",Inf,0,0,0,0,0,0,0,NaN,0,0,0,0
"132","department_of_health_services","ORG",5,"NL_Gov",Inf,0,3,1,0,0,0,0.00323624595469256,1,2.32991069452308e-06,0,0.00107874865156419,0.00215749730312837
"133","delta_mendota_canal","GPE",4,"Drop",3,0,1,0,0,0,0,0.00107874865156419,NaN,0,0.0229284240447861,0.00107874865156419,0
"134","us_environmental_protection_agency","ORG",6,"NL_Gov",Inf,0,3,0,0,0,0,0.00215749730312837,0.216417910447761,0,0,0,0.00215749730312837
"135","groundwater_conditions","ORG",4,"Drop",Inf,0,1,0,0,0,0,0.00107874865156419,1,0,0,0,0.00107874865156419
"136","groundwater_sustainability_plan_submittal","ORG",3,"Drop",1,0,0,2,0,0,2,0.00431499460625674,NaN,0,0.159158149393007,0.00431499460625674,0
"137","grayson","GPE",3,NA,Inf,0,0,0,0,0,0,0,NaN,0,0,0,0
"138","jerry_brown","PERSON",3,NA,Inf,0,0,0,0,1,0,0.00107874865156419,1,0,0,0,0.00107874865156419
"139","lsce","ORG",3,"Drop",3,0,0,2,0,0,0,0.00215749730312837,NaN,0,0.0591293958167733,0.00215749730312837,0
"140","los_banos_creek","GPE",3,NA,Inf,0,0,0,0,0,0,0,NaN,0,0,0,0
"141","madera_county_general_plan","ORG",4,"Drop",Inf,0,2,0,0,0,0,0.00215749730312837,0.307692307692308,0,0,0,0.00215749730312837
"142","madera_subbasin","ORG",4,"Drop",Inf,0,0,1,0,0,1,0.00107874865156419,NaN,0,0,0.00107874865156419,0
"143","san_joaquin_county","GPE",3,NA,Inf,0,0,0,0,0,0,0,NaN,0,0,0,0
"144","tracy","PERSON",3,NA,Inf,0,0,0,0,0,0,0,NaN,0,0,0,0
"145","tuolumne","GPE",3,"Drop",Inf,0,0,0,0,0,0,0,NaN,0,0,0,0
"146","upper_aquifer_sustainable","ORG",3,"Drop",Inf,0,0,0,0,0,0,0,NaN,0,0,0,0
"147","vernalis","PERSON",3,NA,Inf,0,0,0,0,0,0,0,NaN,0,0,0,0
"148","wy2012","ORG",3,"Drop",3,0,0,0,0,0,0,0.00215749730312837,NaN,0,0.0968604015044918,0.00215749730312837,0
"149","wy2019","PERSON",3,NA,Inf,0,0,0,0,0,0,0,NaN,0,0,0,0
"150","delta_technical_working_group","ORG",3,"GSA",Inf,0,0,0,0,0,0,0,NaN,0,0,0,0
"151","hydrogeological_conceptual_model","ORG",3,"Drop",Inf,0,0,0,0,0,0,0,NaN,0,0,0,0
"152","northern_central_delta_mendota_region","ORG",3,"Drop",1,0,0,1,0,0,0,0.00107874865156419,NaN,0,0.0558741960147758,0.00107874865156419,0
"153","us_environmental_protection_agency_guidance_on_systematic_planning_using_the_data_quality_objectives_process","ORG",3,NA,2,0,0,0,0,0,0,0.00107874865156419,NaN,0,0.0901488775055163,0.00107874865156419,0
"154","united_states_of_america","GPE",3,NA,2,0,2,0,2,0,0,0.00215749730312837,NaN,0,0.0538451816922339,0.00215749730312837,0
"155","american_community_survey","ORG",2,"Drop",3,0,0,1,0,0,1,0.00107874865156419,NaN,0,0.0736083716729575,0.00107874865156419,0
"156","af_y","ORG",3,"Drop",2,0,0,1,0,0,0,0.00107874865156419,NaN,0,0.0393102454519853,0.00107874865156419,0
"157","agricultural_representation","ORG",2,"Ambig",Inf,0,0,0,0,0,0,0.00107874865156419,NaN,0,0,0.00107874865156419,0
"158","aliso_lateral","ORG",4,"Drop",Inf,0,0,0,0,0,0,0,NaN,0,0,0,0
"159","amazon_web_services","ORG",2,"Private",Inf,0,0,0,0,0,0,0,NaN,0,0,0,0
"160","appendix","PERSON",2,NA,Inf,0,0,0,0,0,0,0,NaN,0,0,0,0
"161","appendix_a","PERSON",2,NA,Inf,0,0,0,0,0,0,0,NaN,0,0,0,0
"162","bertoldi","PERSON",2,"Drop",Inf,0,0,0,0,0,0,0.00107874865156419,NaN,0,0,0.00107874865156419,0
"163","bill_390","PERSON",2,NA,Inf,0,2,0,0,0,0,0.00107874865156419,NaN,0,0,0.00107874865156419,0
"164","board_of_directors","ORG",4,"Ambig",Inf,0,0,0,0,0,0,0,NaN,0,0,0,0
"165","brown","PERSON",2,"Drop",Inf,0,0,0,0,0,0,0,NaN,0,0,0,0
"166","cc65","ORG",2,"Drop",Inf,0,0,0,0,0,0,0,NaN,0,0,0,0
"167","columbia_canal_company","ORG",3,"WC",4,0,0,1,0,0,0,0.00107874865156419,NaN,0,0.0068043385696744,0.00107874865156419,0
"168","california_aqueduct","ORG",4,"Drop",3,0,1,1,0,0,0,0.00215749730312837,1,4.391881659176e-05,0.0736083716729575,0.00107874865156419,0.00107874865156419
"169","department_of_fish_and_wildlife","ORG",6,"CA_Gov",2,0,2,1,0,0,0,0.00431499460625674,0.298538622129436,0.000112764903911709,0.123277685585633,0.00323624595469256,0.00107874865156419
"170","california_water_code","ORG",3,"Drop",Inf,0,0,0,0,0,0,0,NaN,0,0,0,0
"171","chowchilla_subbasins","PERSON",2,"Drop",2,0,1,0,0,0,0,0.00107874865156419,NaN,0,0.0191698728962051,0.00107874865156419,0
"172","commonly_associated_with_groundwater","ORG",2,"Drop",Inf,0,0,0,0,0,0,0,NaN,0,0,0,0
"173","continental","ORG",2,"Drop",Inf,0,0,0,0,0,0,0,NaN,0,0,0,0
"174","coordinated_data","ORG",2,"Drop",Inf,0,0,0,0,0,0,0,NaN,0,0,0,0
"175","coordinated_data_management_system","ORG",4,"Drop",Inf,0,0,0,0,0,0,0,NaN,0,0,0,0
"176","coordinated_plan_expenses","ORG",2,"Drop",3,0,0,0,0,0,0,0.00107874865156419,NaN,0,0.0329526465871622,0.00107874865156419,0
"177","coordinating_body","ORG",2,"Ambig",Inf,0,0,0,0,0,0,0,NaN,0,0,0,0
"178","coordination_agreement","ORG",5,"Drop",3,0,0,0,0,0,0,0.00107874865156419,NaN,0,0.0329526465871622,0.00107874865156419,0
"179","dfw","ORG",2,"Ambig",Inf,0,0,0,0,0,0,0,NaN,0,0,0,0
"180","data_management_systems","ORG",2,"Drop",Inf,0,0,0,0,0,0,0,NaN,0,0,0,0
"181","decision_making_communications","ORG",2,"Drop",Inf,0,0,0,0,0,0,0,NaN,0,0,0,0
"182","del_puerto_creek","GPE",2,NA,Inf,0,0,0,0,0,0,0,NaN,0,0,0,0
"183","del_puerto_creeks","GPE",2,NA,Inf,0,0,0,0,0,0,0,NaN,0,0,0,0
"184","delta_mendota_subbasin_projected_water_budget","GPE",2,NA,Inf,0,0,0,0,0,0,0,NaN,0,0,0,0
"185","each_groundwater_sustainability_plan_group","ORG",3,"Drop",Inf,0,0,0,0,0,0,0,NaN,0,0,0,0
"186","farm_bureau","ORG",2,"Ambig",Inf,0,0,0,0,0,0,0,NaN,0,0,0,0
"187","faunt","ORG",2,"Drop",Inf,0,2,0,0,0,0,0.00107874865156419,NaN,0,0,0.00107874865156419,0
"188","firebaugh_irrigation_management_information_system","ORG",2,NA,Inf,0,0,2,0,0,0,0.00215749730312837,NaN,0,0,0.00215749730312837,0
"189","ford","ORG",2,"Drop",Inf,0,0,0,0,0,0,0,NaN,0,0,0,0
"190","ford_water_district_groundwater_sustainability_agency","ORG",2,"GSA",Inf,0,0,0,0,0,0,0,NaN,0,0,0,0
"191","forktail_insects","ORG",2,"Drop",Inf,0,0,0,0,0,0,0,NaN,0,0,0,0
"192","groundwater_sustainability_agency_boards","ORG",4,NA,Inf,0,0,0,0,0,0,0.00323624595469256,NaN,0,0,0.00215749730312837,0.00107874865156419
"193","groundwater_sustainability_plan_group_alternate_representative","ORG",2,"Ambig",3,0,1,0,0,1,0,0.00107874865156419,NaN,0,0.0329526465871622,0.00107874865156419,0
"194","groundwater_sustainability_plan_group_representatives_or_alternate_representatives","ORG",2,"Ambig",Inf,0,0,0,0,0,0,0,NaN,0,0,0,0
"195","groundwater_sustainability_plan_group_s","ORG",2,"Ambig",Inf,0,0,0,0,0,0,0,NaN,0,0,0,0
"196","galloway","PERSON",2,NA,Inf,0,0,0,0,0,0,0.00107874865156419,NaN,0,0,0.00107874865156419,0
"197","garcia","PERSON",2,NA,Inf,0,0,1,0,0,0,0.00107874865156419,1,0,0,0,0.00107874865156419
"198","itrc","ORG",2,"Coalition",3,0,0,4,0,0,0,0.00431499460625674,NaN,0,0.0736083716729575,0.00431499460625674,0
"199","imported_supplies","ORG",2,"Drop",Inf,0,0,0,0,0,0,0,NaN,0,0,0,0
"200","independently","ORG",2,"Drop",Inf,0,0,0,0,0,0,0,NaN,0,0,0,0
"201","ischnura","PERSON",2,NA,Inf,0,0,0,0,0,0,0,NaN,0,0,0,0
"202","kenneth_d_schmidt","PERSON",2,NA,3,0,0,2,0,0,0,0.00215749730312837,NaN,0,0.00624838745306621,0.00215749730312837,0
"203","kings","ORG",2,"Drop",2,0,0,0,1,0,0,0.00107874865156419,NaN,0,0.0393102454519853,0.00107874865156419,0
"204","kings_rivers","GPE",2,NA,Inf,0,0,0,0,0,0,0,NaN,0,0,0,0
"205","lifeson_1751","ORG",2,NA,Inf,0,0,0,0,0,0,0,NaN,0,0,0,0
"206","little_panoche_creek","ORG",2,"Drop",Inf,0,0,0,0,0,0,0,NaN,0,0,0,0
"207","madera_counties","ORG",2,"Drop",Inf,0,0,0,0,0,0,0,NaN,0,0,0,0
"208","madera_county_environmental_health_division","ORG",4,"Loc_Gov",Inf,0,0,0,0,0,0,0,NaN,0,0,0,0
"209","madera_irrigation_district_groundwater_sustainability_agency","ORG",2,NA,Inf,0,0,0,0,0,0,0,NaN,0,0,0,0
"210","mariposa","ORG",2,"Drop",Inf,0,0,0,0,0,0,0,NaN,0,0,0,0
"211","mendenhall_et_al","ORG",2,"Drop",4,0,1,0,0,0,0,0.00107874865156419,NaN,0,0.00317360832535791,0.00107874865156419,0
"212","mendota_pool_group","ORG",4,"Private",Inf,0,0,0,0,0,0,0,NaN,0,0,0,0
"213","mendota_subbasin_data","ORG",2,"Drop",Inf,0,0,0,0,0,0,0,NaN,0,0,0,0
"214","mendota_water_authority","ORG",2,"Coalition",Inf,0,0,0,0,0,0,0.00107874865156419,0.289738430583501,0,0,0,0.00107874865156419
"215","merced_rivers","GPE",2,NA,Inf,0,0,0,0,0,0,0,NaN,0,0,0,0
"216","monitoring","ORG",2,"Drop",Inf,0,0,0,0,0,0,0,NaN,0,0,0,0
"217","motion","ORG",2,"Drop",Inf,0,0,0,0,0,0,0,NaN,0,0,0,0
"218","natural_communities","ORG",3,"Drop",Inf,0,0,0,0,0,0,0,NaN,0,0,0,0
"219","national_resource_conservation_service","ORG",3,"NL_Gov",Inf,0,0,0,0,0,0,0,NaN,0,0,0,0
"220","navigation_satellite_timing_and_ranging_consortium","ORG",2,"Research",Inf,0,0,0,0,0,0,0,NaN,0,0,0,0
"221","newman","PERSON",2,NA,Inf,0,0,0,0,0,0,0,NaN,0,0,0,0
"222","newman_gustine_crows_landing","ORG",2,"Drop",Inf,0,0,0,0,0,0,0,NaN,0,0,0,0
"223","notes_numbers","ORG",2,"Drop",Inf,0,0,0,0,0,0,0.00107874865156419,NaN,0,0,0.00107874865156419,0
"224","orchards","ORG",2,"Drop",Inf,0,0,0,0,0,0,0,NaN,0,0,0,0
"225","orestimba","GPE",2,NA,Inf,0,0,0,0,0,0,0,NaN,0,0,0,0
"226","orestimba_creek","GPE",2,NA,Inf,0,0,0,0,0,0,0,NaN,0,0,0,0
"227","ortigalita_creek","GPE",2,NA,Inf,0,0,0,0,0,0,0,NaN,0,0,0,0
"228","portable_document_format","ORG",2,"Drop",Inf,0,0,0,0,0,0,0,NaN,0,0,0,0
"229","public_land_survey_system_sections","ORG",2,"Drop",Inf,0,0,0,0,0,0,0,NaN,0,0,0,0
"230","page","PERSON",2,"Drop",Inf,0,0,0,0,0,0,0,NaN,0,0,0,0
"231","poland","GPE",2,NA,Inf,0,0,0,0,0,0,0,NaN,0,0,0,0
"232","porter_cologne_water_quality_control_act","ORG",2,"Drop",Inf,0,0,0,0,0,0,0,NaN,0,0,0,0
"233","professional_engineer","ORG",2,"Ambig",2,0,2,2,0,0,2,0.00107874865156419,NaN,0,0.0901488775055163,0.00107874865156419,0
"234","r_w_paige","PERSON",2,NA,Inf,0,0,0,0,0,0,0,NaN,0,0,0,0
"235","riley","ORG",2,"Drop",Inf,0,0,0,0,0,0,0.00107874865156419,NaN,0,0,0.00107874865156419,0
"236","soil_agricultural_groundwater_banking_index","ORG",2,"Drop",Inf,0,0,0,0,0,0,0,NaN,0,0,0,0
"237","safe_drinking_water_act","GPE",2,NA,Inf,0,1,0,0,0,0,0.00107874865156419,NaN,0,0,0.00107874865156419,0
"238","sustainable_groundwater_management_act_facilitation_support_services_program","ORG",2,"Project",Inf,0,0,0,0,0,0,0,NaN,0,0,0,0
"239","san_joaquin_river_seepage","GPE",3,NA,Inf,0,0,0,0,0,0,0.00323624595469256,0.8,0,0,0,0.00323624595469256
"240","san_benito","GPE",2,NA,Inf,0,0,0,0,0,0,0,NaN,0,0,0,0
"241","san_mateo_road","GPE",2,NA,Inf,0,0,0,0,0,0,0,NaN,0,0,0,0
"242","santa_nella","GPE",2,NA,Inf,0,0,0,0,0,0,0,NaN,0,0,0,0
"243","section","ORG",2,"Drop",Inf,0,0,0,0,0,0,0,NaN,0,0,0,0
"244","shasta_critical","ORG",2,"Drop",Inf,0,0,0,0,0,0,0,NaN,0,0,0,0
"245","sierra_nevada","GPE",3,"Drop",3,0,2,1,0,0,0,0.00215749730312837,NaN,0,0.0459814881697892,0.00215749730312837,0
"246","stanislaus_rivers","GPE",2,NA,Inf,0,0,0,0,0,0,0,NaN,0,0,0,0
"247","state_water_resources_control_board","ORG",3,"CA_Gov",Inf,0,1,0,0,0,0,0.00107874865156419,1,0,0,0,0.00107874865156419
"248","storage","GPE",2,"Drop",Inf,0,0,0,0,0,0,0,NaN,0,0,0,0
"249","subarticle_4","ORG",2,"Drop",Inf,0,0,0,0,0,0,0,NaN,0,0,0,0
"250","sustainability_indicators","ORG",2,"Drop",Inf,0,0,0,0,0,0,0,NaN,0,0,0,0
"251","delta_mendota_subbasin_newsletter","ORG",2,"Drop",Inf,0,0,0,0,0,0,0,NaN,0,0,0,0
"252","delta_mendota_subbasin_s","ORG",3,"Drop",Inf,0,0,1,0,0,0,0.00107874865156419,1,0,0,0,0.00107874865156419
"253","san_luis_delta","ORG",2,"Drop",Inf,0,0,0,0,0,0,0.00107874865156419,0.289738430583501,0,0,0,0.00107874865156419
"254","wellhead_protection_program","ORG",2,"Project",Inf,0,1,0,0,0,0,0.00107874865156419,1,0,0,0,0.00107874865156419
"255","tranquillity","ORG",2,"Drop",Inf,0,0,0,0,0,0,0,NaN,0,0,0,0
"256","unavco","ORG",2,"Research",Inf,0,0,0,0,0,0,0,NaN,0,0,0,0
"257","us","GPE",2,NA,Inf,0,0,0,0,0,0,0,NaN,0,0,0,0
"258","us_census","ORG",2,"Drop",Inf,0,0,0,0,0,0,0,NaN,0,0,0,0
"259","us_census_bureau","ORG",3,"NL_Gov",3,0,1,0,0,0,0,0.00107874865156419,NaN,0,0.0143696996250984,0.00107874865156419,0
"260","wy2018","ORG",2,"Drop",Inf,0,0,0,0,0,0,0,NaN,0,0,0,0
"261","well_completion_reports","ORG",2,"Drop",Inf,0,0,0,0,0,0,0,NaN,0,0,0,0
"262","westley","PERSON",2,NA,Inf,0,0,0,0,0,0,0,NaN,0,0,0,0
"263","westside","ORG",2,"Drop",Inf,0,0,0,0,0,0,0,NaN,0,0,0,0
"264","westside_subbasin","ORG",3,"Drop",Inf,0,0,1,0,0,1,0.00107874865156419,1,0,0,0,0.00107874865156419
"265","westside_subbasin_groundwater_sustainability_plan","ORG",2,"Drop",Inf,0,0,0,0,0,0,0,NaN,0,0,0,0
"266","et_al","ORG",2,"Drop",Inf,0,2,0,0,0,0,0.00107874865156419,1,0,0,0,0.00107874865156419
"267","non_groundwater_sustainability_agency","ORG",2,NA,Inf,0,0,0,0,0,0,0,NaN,0,0,0,0
"268","ad_hoc_committee","ORG",2,"Ambig",Inf,0,0,0,0,0,0,0,NaN,0,0,0,0
"269","background_study","ORG",2,NA,Inf,0,0,0,0,0,0,0.00107874865156419,NaN,0,0,0.00107874865156419,0
"270","california_department_of_transportation_s_california_department_of_transportation_surveys_manual","ORG",2,"Drop",Inf,0,0,0,0,0,0,0,NaN,0,0,0,0
"271","california_legislature","ORG",2,"NL_Gov",Inf,0,4,0,0,0,0,0.00215749730312837,1,0,0,0,0.00215749730312837
"272","california_public_records_act","ORG",2,"Drop",Inf,0,1,0,0,0,0,0.00107874865156419,0.258407079646018,0,0,0,0.00107874865156419
"273","coastal_range","ORG",2,"Drop",Inf,0,4,0,0,0,0,0.00539374325782093,0.306079664570231,0,0,0,0.00539374325782093
"274","dmgb_coordination_committee","ORG",2,"GSA",2,0,1,0,0,0,0,0.00107874865156419,NaN,0,0.0901488775055163,0.00107874865156419,0
"275","delta_cross_channel","ORG",2,"Drop",Inf,0,0,0,0,0,0,0,NaN,0,0,0,0
"276","eastside_chowchilla_bypass","ORG",2,"Drop",Inf,0,0,0,0,0,0,0,NaN,0,0,0,0
"277","exchange_contract","ORG",2,"Drop",Inf,0,0,0,0,0,0,0,NaN,0,0,0,0
"278","groundwater_sustainability_plan_regulations","ORG",2,"Drop",Inf,0,0,0,0,0,0,0.00107874865156419,0.299376299376299,0,0,0,0.00107874865156419
"279","groundwater_sustainability_plan_representatives","ORG",2,"Ambig",Inf,0,0,0,0,0,0,0,NaN,0,0,0,0
"280","international_association_for_public_participation_public_participation_spectrum","ORG",2,"Consult",Inf,0,0,0,0,0,0,0,NaN,0,0,0,0
"281","interstate_5","ORG",2,"Drop",3,0,0,2,0,0,0,0.00215749730312837,NaN,0,0.0260293144789748,0.00215749730312837,0
"282","mendota_pool","ORG",2,"Drop",Inf,0,0,0,0,0,0,0,NaN,0,0,0,0
"283","natural_communities_dataset","ORG",2,"Drop",Inf,0,0,0,0,0,0,0,NaN,0,0,0,0
"284","project_management_institute","ORG",2,"Consult",Inf,0,0,0,0,0,0,0,NaN,0,0,0,0
"285","raci_chart","ORG",2,"Drop",Inf,0,0,0,0,0,0,0,NaN,0,0,0,0
"286","restoration_program","ORG",2,"Project",Inf,0,0,0,0,0,0,0,NaN,0,0,0,0
"287","seepage_technical_memo","ORG",2,"Drop",Inf,0,0,0,0,0,0,0,NaN,0,0,0,0
"288","subbasin_coordination_committee","ORG",2,"Ambig",Inf,0,0,0,0,0,0,0,NaN,0,0,0,0
"289","technical_consultants","ORG",2,"Ambig",Inf,0,0,0,0,0,0,0,NaN,0,0,0,0
"290","3548f","ORG",1,"Drop",Inf,0,0,0,0,0,0,0,NaN,0,0,0,0
"291","4110_topography","GPE",1,NA,Inf,0,0,0,0,0,0,0,NaN,0,0,0,0
"292","613_water_use_management_actions_incentives","ORG",1,NA,Inf,0,0,0,0,0,0,0,NaN,0,0,0,0
"293","63210_management_of_groundwater_extractions_and","ORG",1,NA,Inf,0,0,0,0,0,0,0,NaN,0,0,0,0
"294","6th_st","GPE",1,NA,Inf,0,0,0,0,0,0,0,NaN,0,0,0,0
"295","aecom","ORG",1,"Consult",Inf,0,0,0,0,0,0,0,NaN,0,0,0,0
"296","af_y_for","ORG",1,NA,Inf,0,0,0,0,0,0,0,NaN,0,0,0,0
"297","af_ac","ORG",1,"Drop",Inf,0,0,0,0,0,0,0,NaN,0,0,0,0
"298","af_year","ORG",1,"Drop",Inf,0,0,0,0,0,0,0.00107874865156419,NaN,0,0,0.00107874865156419,0
"299","aliso_water_district_board","ORG",2,"Spec_Dist",Inf,0,0,0,0,0,0,0,NaN,0,0,0,0
"300","aliso_water_district_groundwater_sustainability_agency_board","ORG",1,NA,Inf,0,0,0,0,0,0,0,NaN,0,0,0,0
"301","acoustic_doppler_current_profilers","ORG",1,"Drop",Inf,0,0,0,0,0,0,0,NaN,0,0,0,0
"302","agency_website","ORG",1,"Drop",Inf,0,0,0,0,0,0,0,NaN,0,0,0,0
"303","agricultural_water_management_plans","ORG",1,"Drop",Inf,0,0,0,0,0,0,0,NaN,0,0,0,0
"304","airborne_uninhabited_aerial_vehicle_synthetic_aperture_radar","ORG",1,NA,Inf,0,0,0,0,0,0,0,NaN,0,0,0,0
"305","aliso_groundwater_management_plan","ORG",1,NA,Inf,0,0,0,0,0,0,0,NaN,0,0,0,0
"306","aliso_lateral_8","ORG",1,NA,Inf,0,0,0,0,0,0,0,NaN,0,0,0,0
"307","aliso_water_district_to","GPE",1,"Spec_Dist",Inf,0,0,0,0,0,0,0.00107874865156419,NaN,0,0,0.00107874865156419,0
"308","alkali_grass","PERSON",1,NA,Inf,0,0,1,0,0,0,0.00107874865156419,NaN,0,0,0.00107874865156419,0
"309","alternate_representatives","ORG",1,"Drop",Inf,0,0,0,0,2,0,0.00107874865156419,0.27852998065764,0,0,0,0.00107874865156419
"310","amanda_peisch_derby","PERSON",1,NA,Inf,0,0,0,0,0,0,0,NaN,0,0,0,0
"311","anax_junius","PERSON",1,NA,Inf,0,0,0,0,0,0,0,NaN,0,0,0,0
"312","anderson","PERSON",1,NA,Inf,0,0,0,0,0,0,0,NaN,0,0,0,0
"313","anser","ORG",1,"Consult",Inf,0,0,1,0,0,0,0.00107874865156419,1,0,0,0,0.00107874865156419
"314","appendix_a_water_budgets","PERSON",1,NA,3,0,3,0,0,0,0,0.00323624595469256,NaN,0,0.00624838745306619,0.00323624595469256,0
"315","appendix_c","PERSON",1,NA,Inf,0,0,0,0,0,0,0,NaN,0,0,0,0
"316","appendix_d","PERSON",1,NA,Inf,0,0,0,0,0,0,0,NaN,0,0,0,0
"317","appendix_d_data","ORG",1,NA,Inf,0,0,0,0,0,0,0,NaN,0,0,0,0
"318","appendix_e","PERSON",1,NA,Inf,0,0,0,0,0,0,0,NaN,0,0,0,0
"319","appendix_g","PERSON",1,NA,Inf,0,0,0,0,0,0,0,NaN,0,0,0,0
"320","appendix_h_meetings","PERSON",1,NA,Inf,0,0,0,0,0,0,0,NaN,0,0,0,0
"321","aqueduct","ORG",1,"Drop",Inf,0,0,0,0,0,0,0,NaN,0,0,0,0
"322","aquitards","ORG",1,"Drop",Inf,0,0,0,0,0,0,0,NaN,0,0,0,0
"323","arroyo_snowfly","ORG",1,"Drop",Inf,0,0,0,0,0,0,0,NaN,0,0,0,0
"324","associates","ORG",1,"Drop",3,0,0,2,0,0,0,0.00215749730312837,NaN,0,0.00624838745306621,0.00215749730312837,0
"325","associates_appendix_a","ORG",1,NA,Inf,0,0,0,0,0,0,0,NaN,0,0,0,0
"326","attachment_a","PERSON",1,"Drop",Inf,0,0,0,0,0,0,0,NaN,0,0,0,0
"327","attachment_b","PERSON",1,NA,Inf,0,0,0,0,0,0,0,NaN,0,0,0,0
"328","average_annual_pumping_average_annual_ùõ•","ORG",1,NA,Inf,0,0,0,0,0,0,0,NaN,0,0,0,0
"329","bmps","ORG",1,"Drop",Inf,0,0,0,0,0,0,0,NaN,0,0,0,0
"330","b_state_route_99","ORG",1,"Drop",Inf,0,0,0,0,0,0,0,NaN,0,0,0,0
"331","banks_pumping_plant","ORG",1,"Drop",Inf,0,0,0,0,0,0,0,NaN,0,0,0,0
"332","basin","ORG",1,"Drop",Inf,0,0,0,0,0,0,0,NaN,0,0,0,0
"333","basin_plans","ORG",1,"Drop",Inf,0,1,0,0,0,0,0.00107874865156419,NaN,0,0,0.00107874865156419,0
"334","bear_creek","GPE",1,NA,Inf,0,0,0,0,0,0,0,NaN,0,0,0,0
"335","belitz_et_al","ORG",1,"Drop",Inf,0,0,0,0,0,0,0,NaN,0,0,0,0
"336","bell","ORG",1,"Drop",Inf,0,0,0,0,0,0,0,NaN,0,0,0,0
"337","beneficial_uses_and_users_regulation_requirements","ORG",1,NA,Inf,0,0,0,0,0,0,0,NaN,0,0,0,0
"338","best_management_practices","ORG",1,"Drop",Inf,0,0,0,1,0,0,0.00107874865156419,0.295081967213115,0,0,0,0.00107874865156419
"339","bill_564","PERSON",1,NA,1,0,1,0,0,0,0,0.00107874865156419,NaN,0,0.0558741960147758,0.00107874865156419,0
"340","boards","ORG",1,"Ambig",Inf,0,0,0,0,0,0,0,NaN,0,0,0,0
"341","boards_of_directors","ORG",1,"Ambig",Inf,0,0,0,0,0,0,0,NaN,0,0,0,0
"342","brandt","PERSON",1,NA,Inf,0,0,0,0,0,0,0.00107874865156419,NaN,0,0,0.00107874865156419,0
"343","business_and_industry_interests_business","ORG",1,"Drop",Inf,0,0,0,0,0,0,0,NaN,0,0,0,0
"344","buttonwillow","GPE",1,NA,2,0,1,0,0,0,0,0.00107874865156419,NaN,0,0.0393102454519853,0.00107874865156419,0
"345","bypass_crossing_pipeline","ORG",1,NA,Inf,0,0,0,0,0,0,0,NaN,0,0,0,0
"346","cc21","ORG",1,"Drop",Inf,0,0,0,0,0,0,0,NaN,0,0,0,0
"347","comprehensive_environmental_response_compensation_and_liability_act","ORG",1,"NL_Gov",Inf,0,0,0,0,0,0,0,NaN,0,0,0,0
"348","central_valley_flood_protection_board","ORG",2,"CA_Gov",2,0,1,0,0,0,0,0.00107874865156419,NaN,0,0.0393102454519853,0.00107874865156419,0
"349","cw","ORG",1,"Drop",Inf,0,0,0,0,0,0,0,NaN,0,0,0,0
"350","c_clay","PERSON",1,"Drop",Inf,0,0,0,0,0,0,0,NaN,0,0,0,0
"351","caltrans","ORG",1,"Drop",Inf,0,0,0,0,0,0,0,NaN,0,0,0,0
"352","calaveras","ORG",1,"Drop",Inf,0,0,0,0,0,0,0,NaN,0,0,0,0
"353","california_aqueduct_west","GPE",1,NA,Inf,0,0,0,0,0,0,0,NaN,0,0,0,0
"354","environmental_quality_act","ORG",1,"CA_Gov",Inf,0,0,0,0,0,0,0,NaN,0,0,0,0
"355","california_foundation","ORG",1,"Ambig",Inf,0,0,0,0,0,0,0,NaN,0,0,0,0
"356","california_state_water_project","ORG",1,"Project",Inf,0,0,0,0,0,0,0,NaN,0,0,0,0
"357","california_sycamores","GPE",1,NA,Inf,0,0,0,0,0,0,0,NaN,0,0,0,0
"358","callicorixa","ORG",1,"Drop",Inf,0,0,0,0,0,0,0,NaN,0,0,0,0
"359","castor","PERSON",1,NA,Inf,0,0,0,0,0,0,0,NaN,0,0,0,0
"360","census_designated_places","ORG",1,"Drop",Inf,0,0,0,0,0,0,0,NaN,0,0,0,0
"361","central","ORG",1,"Drop",Inf,0,0,0,0,0,0,0,NaN,0,0,0,0
"362","channels_and_recharge_basins","ORG",1,NA,Inf,0,0,0,0,0,0,0,NaN,0,0,0,0
"363","chapter","PERSON",1,NA,Inf,0,0,0,0,0,0,0,NaN,0,0,0,0
"364","chen","PERSON",1,NA,Inf,0,0,2,0,0,0,0.00215749730312837,1,0,0,0,0.00215749730312837
"365","chironomus_spp","ORG",1,"Drop",Inf,0,0,0,0,0,0,0,NaN,0,0,0,0
"366","chowchilla_bypass_flow_duration_the_bypass","ORG",1,NA,Inf,0,0,0,0,0,0,0,NaN,0,0,0,0
"367","christopher_olvera_department_of_water_resources_christopherolverawatercagov","ORG",1,"Drop",Inf,0,0,0,0,0,0,0,NaN,0,0,0,0
"368","city_council","ORG",1,"Ambig",Inf,0,0,0,0,0,0,0,NaN,0,0,0,0
"369","cleanup_and_abatement_order","ORG",1,"Drop",Inf,0,0,1,0,0,0,0.00107874865156419,NaN,0,0,0.00107874865156419,0
"370","colusa_grass_plants","ORG",1,"Drop",Inf,0,0,1,0,0,0,0.00107874865156419,1,0,0,0,0.00107874865156419
"371","commerce","ORG",1,"Drop",3,0,1,0,0,0,0,0.00107874865156419,NaN,0,0.0428078798444313,0.00107874865156419,0
"372","commission","PERSON",1,"Ambig",Inf,0,0,0,0,0,0,0,NaN,0,0,0,0
"373","committee","ORG",1,"Ambig",Inf,0,0,0,0,0,0,0,NaN,0,0,0,0
"374","common_chapter_and_technical_memoranda","ORG",1,"Drop",Inf,0,0,0,0,0,0,0,NaN,0,0,0,0
"375","common_technical_memoranda","ORG",2,"Drop",Inf,0,0,1,0,0,1,0.00107874865156419,1,0,0,0,0.00107874865156419
"376","communication_251_description_of_beneficial_users","ORG",1,NA,Inf,0,0,0,0,0,0,0,NaN,0,0,0,0
"377","communications_goal_development","ORG",1,"Drop",Inf,0,0,0,0,0,0,0.00107874865156419,1,0,0,0,0.00107874865156419
"378","communications_and_change_management","ORG",1,"Drop",Inf,0,0,0,0,0,0,0,NaN,0,0,0,0
"379","community_of_santa_nella","ORG",1,"Drop",Inf,0,0,0,0,0,0,0,NaN,0,0,0,0
"380","community_s_general_plan","ORG",1,NA,Inf,0,0,0,0,0,0,0,NaN,0,0,0,0
"381","completion_reports","ORG",1,"Drop",Inf,0,0,0,0,0,0,0,NaN,0,0,0,0
"382","concern_special","ORG",1,"Drop",Inf,0,0,0,0,0,0,0,NaN,0,0,0,0
"383","conservation_agelaius","ORG",1,"Drop",Inf,0,0,0,0,0,0,0,NaN,0,0,0,0
"384","conservation_cypseloides","ORG",1,"Drop",Inf,0,0,0,0,0,0,0,NaN,0,0,0,0
"385","consulting_engineers","ORG",1,"Ambig",Inf,0,0,0,0,0,0,0.00323624595469256,0.308351177730193,0,0,0,0.00323624595469256
"386","contact","ORG",1,"Drop",Inf,0,0,1,0,0,0,0.00107874865156419,1,0,0,0,0.00107874865156419
"387","contract","PERSON",1,"Drop",2,0,2,0,0,0,0,0.00215749730312837,NaN,0,0.0538451816922339,0.00215749730312837,0
"388","coordinated","ORG",1,"Drop",Inf,0,0,0,0,0,0,0,NaN,0,0,0,0
"389","coordinated_public_workshops","ORG",1,"Drop",Inf,0,0,0,0,0,0,0,NaN,0,0,0,0
"390","coordination","ORG",1,"Drop",Inf,0,0,0,0,0,0,0,NaN,0,0,0,0
"391","coordination_committee_authorized_actions_and","ORG",1,"Drop",Inf,0,0,0,0,0,0,0,NaN,0,0,0,0
"392","coordination_committee_meetings","ORG",1,"Drop",Inf,0,1,0,0,0,0,0.00107874865156419,1,0,0,0,0.00107874865156419
"393","corisella","PERSON",1,NA,Inf,0,0,0,0,0,0,0,NaN,0,0,0,0
"394","corral_hollow","ORG",1,"Drop",Inf,0,0,0,0,0,0,0,NaN,0,0,0,0
"395","county_fairs","GPE",1,NA,Inf,0,0,0,0,0,0,0,NaN,0,0,0,0
"396","cricotopus","PERSON",1,NA,Inf,0,0,0,0,0,0,0,NaN,0,0,0,0
"397","dm","ORG",1,"Drop",Inf,0,0,0,0,0,0,0,NaN,0,0,0,0
"398","dmc_check_structures","ORG",1,"Drop",Inf,0,0,0,0,0,0,0,NaN,0,0,0,0
"399","dmgb","ORG",1,NA,2,0,0,0,1,0,0,0.00107874865156419,NaN,0,0.0393102454519853,0.00107874865156419,0
"400","department_of_toxic_substances_control","ORG",2,"CA_Gov",Inf,0,0,0,0,0,0,0,NaN,0,0,0,0
"401","dtw","ORG",1,"Drop",Inf,0,0,0,0,0,0,0,NaN,0,0,0,0
"402","department_of_water_resources_agency_s","ORG",1,"NL_Gov",2,0,0,0,0,0,0,0.00107874865156419,NaN,0,0.0128804014895399,0.00107874865156419,0
"403","department_of_water_resources_tool","ORG",1,"Drop",Inf,0,0,0,0,0,0,0,NaN,0,0,0,0
"404","department_of_water_resources_ur","ORG",1,NA,Inf,0,0,0,1,0,0,0.00107874865156419,1,0,0,0,0.00107874865156419
"405","department_of_water_resources_well_standards","ORG",1,"Drop",Inf,0,0,0,0,0,0,0,NaN,0,0,0,0
"406","data_management","ORG",1,"Drop",Inf,0,0,0,0,0,0,0,NaN,0,0,0,0
"407","data_management_system_working_group","ORG",1,"Ambig",3,0,0,1,0,0,0,0.00107874865156419,NaN,0,0.0329526465871622,0.00107874865156419,0
"408","data_and_assumptions","ORG",1,NA,Inf,0,0,0,0,0,0,0,NaN,0,0,0,0
"409","davis","PERSON",1,NA,Inf,0,0,0,0,0,0,0,NaN,0,0,0,0
"410","davis_et_al","PERSON",1,NA,Inf,0,0,0,0,0,0,0,NaN,0,0,0,0
"411","decision_making","ORG",1,"Drop",Inf,0,0,0,0,0,0,0,NaN,0,0,0,0
"412","deep_percolation_of_irrigation_water","ORG",1,"Drop",Inf,0,0,0,0,0,0,0,NaN,0,0,0,0
"413","del_puerto","GPE",1,NA,Inf,0,0,0,0,0,0,0,NaN,0,0,0,0
"414","delta_mendota_communication_working_group_meetings","ORG",1,"Drop",Inf,0,0,0,0,0,0,0,NaN,0,0,0,0
"415","delta_mendota_subbasin_intrabasin_coordination_agreement","ORG",1,"Drop",Inf,0,0,1,0,0,0,0.00107874865156419,1,0,0,0,0.00107874865156419
"416","delta_mendota_subbasin_sustainable_management_criteria","ORG",1,"Drop",Inf,0,0,0,0,0,0,0,NaN,0,0,0,0
"417","delta_technical_working_group_meetings","ORG",1,"Drop",Inf,0,0,0,0,1,0,0.00107874865156419,1,0,0,0,0.00107874865156419
"418","dendrocygna","PERSON",1,NA,Inf,0,0,0,0,0,0,0,NaN,0,0,0,0
"419","department_of_water_resources_bulletin","ORG",1,"Drop",Inf,0,0,0,0,0,0,0,NaN,0,0,0,0
"420","description_of_criteria_function","ORG",1,"Drop",Inf,0,0,0,0,0,0,0,NaN,0,0,0,0
"421","description_of_representative_sites_regulation_requirements","ORG",1,"Drop",Inf,0,0,0,0,0,0,0,NaN,0,0,0,0
"422","dispute_resolution_procedures","ORG",1,"Drop",Inf,0,0,0,0,0,0,0,NaN,0,0,0,0
"423","dispute_resolution_the_coordination_agreement","ORG",1,"Drop",Inf,0,0,0,0,0,0,0,NaN,0,0,0,0
"424","district_management_efficiency","ORG",1,NA,Inf,0,0,0,0,0,0,0,NaN,0,0,0,0
"425","division_2","ORG",1,"Drop",Inf,0,0,0,0,0,0,0,NaN,0,0,0,0
"426","division_6","ORG",1,"Drop",Inf,0,0,0,0,0,0,0,NaN,0,0,0,0
"427","division_6_of_the_water_code","ORG",1,"Drop",2,0,1,0,0,0,0,0.00107874865156419,NaN,0,0.0393102454519853,0.00107874865156419,0
"428","dos_amigos_pumping_plant","ORG",1,"Drop",Inf,0,0,0,0,0,0,0,NaN,0,0,0,0
"429","dowitcher_birds_lophodytes","ORG",1,"Drop",Inf,0,0,0,0,0,0,0,NaN,0,0,0,0
"430","draft_best_management_practices","ORG",1,"Drop",Inf,0,0,1,0,0,1,0.00107874865156419,0.27852998065764,0,0,0,0.00107874865156419
"431","dry","ORG",1,"Drop",Inf,0,0,0,0,0,0,0,NaN,0,0,0,0
"432","ducks_unlimited","ORG",1,"NGO",Inf,0,0,0,0,0,0,0,NaN,0,0,0,0
"433","ducks_unlimited_wetland_inventory","ORG",1,"Drop",Inf,0,0,0,0,0,0,0.00107874865156419,NaN,0,0,0.00107874865156419,0
"434","due","ORG",1,"Drop",Inf,0,0,0,0,0,0,0,NaN,0,0,0,0
"435","dust_control_plan","ORG",1,"Drop",Inf,0,0,0,0,0,0,0,NaN,0,0,0,0
"436","et_corcoran_clayf","ORG",1,"Drop",Inf,0,0,0,0,0,0,0,NaN,0,0,0,0
"437","e_clay","PERSON",1,"Drop",Inf,0,0,0,0,0,0,0,NaN,0,0,0,0
"438","each_agency","ORG",1,"Ambig",Inf,0,0,0,0,0,0,0,NaN,0,0,0,0
"439","eastside_bypass","ORG",1,"Drop",Inf,0,0,0,0,0,0,0,NaN,0,0,0,0
"440","engagement_group_of_mwh","ORG",1,"Consult",Inf,0,0,0,0,0,0,0,NaN,0,0,0,0
"441","environmental_conservation_interests","ORG",1,"Drop",Inf,0,0,0,0,1,0,0.00107874865156419,0.295081967213115,0,0,0,0.00107874865156419
"442","evaporation_of_channels_and_recharge_basins_evaporation","ORG",1,NA,Inf,0,0,0,0,0,0,0,NaN,0,0,0,0
"443","food_and_agriculture_organization_section","ORG",1,NA,Inf,0,0,0,0,0,0,0,NaN,0,0,0,0
"444","full_natural_flow","ORG",1,"Drop",Inf,0,0,0,0,0,0,0,NaN,0,0,0,0
"445","facilitation_support_services","ORG",1,"Ambig",Inf,0,0,0,0,0,0,0,NaN,0,0,0,0
"446","fallowing","GPE",1,NA,Inf,0,0,0,0,0,0,0,NaN,0,0,0,0
"447","farm","ORG",1,"Ambig",Inf,0,0,0,0,0,1,0.00107874865156419,1,0,0,0,0.00107874865156419
"448","farmers_markets","ORG",1,"Ambig",Inf,0,0,0,0,0,0,0,NaN,0,0,0,0
"449","farmers_water_district_groundwater_sustainability_agency","ORG",1,NA,2,0,0,0,1,0,0,0.00107874865156419,NaN,0,0.0393102454519853,0.00107874865156419,0
"450","farmers_water_district_groundwater_sustainability_plan","ORG",1,"Drop",2,0,0,0,0,0,0,0.00107874865156419,NaN,0,0.0088812374818498,0.00107874865156419,0
"451","farrar","PERSON",1,NA,Inf,0,0,0,0,0,0,0.00107874865156419,NaN,0,0,0.00107874865156419,0
"452","faunt_et_al","ORG",1,"Drop",Inf,0,0,0,0,0,0,0,NaN,0,0,0,0
"453","federal_agencies","ORG",1,"Ambig",Inf,0,0,0,0,0,0,0,NaN,0,0,0,0
"454","federal_agencies_aliso_water_district","ORG",1,NA,Inf,0,0,0,0,0,0,0,NaN,0,0,0,0
"455","federal_government_federal","ORG",1,"NL_Gov",Inf,0,0,0,0,0,0,0,NaN,0,0,0,0
"456","field_collection","ORG",1,"Drop",Inf,0,0,0,0,0,0,0,NaN,0,0,0,0
"457","fish","PERSON",1,NA,Inf,0,0,0,0,0,0,0,NaN,0,0,0,0
"458","forbs","PERSON",1,NA,Inf,0,0,0,0,0,0,0,NaN,0,0,0,0
"459","fordel","ORG",1,"Drop",1,0,0,0,0,2,0,0.00215749730312837,NaN,0,0.0951844414667611,0.00215749730312837,0
"460","fremont","GPE",1,NA,Inf,0,0,0,0,0,0,0,NaN,0,0,0,0
"461","fremont_cottonwoods","PERSON",1,NA,Inf,0,0,0,0,0,0,0,NaN,0,0,0,0
"462","fresno_management_areas_a_b_groundwater_sustainability_plan","ORG",1,"Drop",2,0,0,0,0,0,0,0.00107874865156419,NaN,0,0.0088812374818498,0.00107874865156419,0
"463","friant","ORG",1,"Drop",Inf,0,0,0,0,0,0,0,NaN,0,0,0,0
"464","friant_division","ORG",2,"Ambig",Inf,0,0,0,0,0,0,0,NaN,0,0,0,0
"465","friant_kern_canals","ORG",1,NA,Inf,0,0,0,0,0,0,0,NaN,0,0,0,0
"466","friant_water_authority","ORG",1,NA,3,0,1,0,0,0,0,0.00107874865156419,NaN,0,0.0428078798444312,0.00107874865156419,0
"467","groundwater_sustainability_agency_estimate","ORG",1,NA,Inf,0,0,0,0,0,0,0,NaN,0,0,0,0
"468","groundwater_sustainability_plan_adoption","ORG",1,"Drop",Inf,0,0,0,0,0,0,0,NaN,0,0,0,0
"469","groundwater_sustainability_plan_adoption_or_1","ORG",1,"Drop",Inf,0,0,0,0,0,0,0,NaN,0,0,0,0
"470","groundwater_sustainability_plan_coordinators_planning_forum","ORG",1,"Ambig",Inf,0,0,0,0,0,0,0,NaN,0,0,0,0
"471","groundwater_sustainability_plan_level_water_budgets","ORG",1,"Drop",4,0,0,2,0,0,0,0.00215749730312837,NaN,0,0.0168677547086449,0.00215749730312837,0
"472","groundwater_sustainability_plan_organization_and_preparation_checklist","ORG",1,"Drop",Inf,0,0,0,0,0,0,0,NaN,0,0,0,0
"473","groundwater_sustainability_plan_plans","ORG",1,"Drop",Inf,0,0,0,0,0,0,0,NaN,0,0,0,0
"474","groundwater_sustainability_plan_regions","ORG",1,"Drop",4,0,0,1,0,0,0,0.00107874865156419,NaN,0,0.0068043385696744,0.00107874865156419,0
"475","groundwater_sustainability_plan_section_review","ORG",1,"Drop",Inf,0,0,0,0,0,0,0,NaN,0,0,0,0
"476","groundwater_sustainability_plan_subgroup","ORG",1,"Drop",Inf,0,0,0,0,1,0,0.00107874865156419,1,0,0,0,0.00107874865156419
"477","gwe","ORG",1,"Drop",Inf,0,0,0,0,0,0,0,NaN,0,0,0,0
"478","galloway_et_al","PERSON",1,NA,Inf,0,0,0,0,0,0,0,NaN,0,0,0,0
"479","general_plans_andor_community_specific_plans","ORG",1,"Drop",Inf,0,1,0,0,0,0,0.00107874865156419,0.295081967213115,0,0,0,0.00107874865156419
"480","goldfields","ORG",1,"Drop",Inf,0,0,0,0,0,0,0,NaN,0,0,0,0
"481","goodding_willows","PERSON",1,NA,Inf,0,0,0,0,0,0,0,NaN,0,0,0,0
"482","grassland","ORG",1,"Drop",Inf,0,0,0,0,0,0,0,NaN,0,0,0,0
"483","gravelly_ford_groundwater_sustainability_agency","ORG",1,NA,Inf,0,0,0,0,0,0,0,NaN,0,0,0,0
"484","grebe_birds_porzana","ORG",1,"Drop",Inf,0,0,0,0,0,0,0,NaN,0,0,0,0
"485","groundwater_levels_groundwater_storage_groundwater","ORG",1,NA,Inf,0,0,0,0,0,0,0,NaN,0,0,0,0
"486","groundwater_levels_storage_historic","ORG",1,NA,Inf,0,0,0,0,0,0,0,NaN,0,0,0,0
"487","groundwater_monitoring_protocols","ORG",1,"Drop",Inf,0,0,0,0,0,0,0,NaN,0,0,0,0
"488","groundwater_storage","GPE",1,"Drop",Inf,0,0,0,0,0,0,0,NaN,0,0,0,0
"489","group_contacts","ORG",1,"Drop",Inf,0,0,0,0,0,0,0,NaN,0,0,0,0
"490","hargreaves","PERSON",1,NA,Inf,0,0,0,0,0,0,0,NaN,0,0,0,0
"491","hearing_public_hearing","ORG",1,"Drop",Inf,0,0,0,0,0,0,0,NaN,0,0,0,0
"492","historic_current","ORG",1,"Drop",2,0,0,0,0,0,0,0.00107874865156419,NaN,0,0.0901488775055162,0.00107874865156419,0
"493","historic_rights_and_arrangements_access","ORG",1,"Drop",Inf,0,0,0,0,0,0,0,NaN,0,0,0,0
"494","hydrogeologic_conceptual_model_of_the_groundwater_sustainability_plan_emergency_regulations","ORG",1,"Drop",Inf,0,0,0,0,0,0,0,NaN,0,0,0,0
"495","irlp","ORG",1,"Drop",Inf,0,0,0,0,0,0,0,NaN,0,0,0,0
"496","integrated_regional_water_management_plan","ORG",1,"Loc_Gov",Inf,0,0,0,0,0,0,0,NaN,0,0,0,0
"497","ibis","ORG",1,"Drop",Inf,0,0,1,0,0,0,0.00107874865156419,NaN,0,0,0.00107874865156419,0
"498","idaho","GPE",1,NA,Inf,0,0,0,0,0,0,0,NaN,0,0,0,0
"499","implementation_of_individual","ORG",1,"Drop",Inf,0,0,0,0,0,0,0,NaN,0,0,0,0
"500","independent_slopes_model","ORG",1,"Drop",Inf,0,0,0,0,0,0,0,NaN,0,0,0,0
"501","individual","ORG",1,"Drop",Inf,0,0,1,0,0,0,0.00107874865156419,1,0,0,0,0.00107874865156419
"502","insects","ORG",1,"Drop",Inf,0,0,0,0,0,0,0,NaN,0,0,0,0
"503","insufficient_quality_of_data","ORG",1,NA,Inf,0,0,0,0,0,0,0,NaN,0,0,0,0
"504","integrated_planning","ORG",1,"Drop",Inf,0,0,0,0,0,0,0,NaN,0,0,0,0
"505","integrated_regional_water_management_program","ORG",1,"Project",Inf,0,0,0,0,0,0,0,NaN,0,0,0,0
"506","integrated_resource_water_management_plan","ORG",1,"Drop",Inf,0,0,0,0,0,0,0.00107874865156419,NaN,0,0,0.00107874865156419,0
"507","interferometric_synthetic_aperture_radar","ORG",1,"Drop",Inf,0,0,0,0,0,0,0,NaN,0,0,0,0
"508","interior","ORG",1,"Drop",3,0,1,0,0,0,0,0.00107874865156419,NaN,0,0.0428078798444312,0.00107874865156419,0
"509","internal_groundwater_water_marketing_program","ORG",1,NA,Inf,0,0,0,0,0,1,0.00107874865156419,0.289738430583501,0,0,0,0.00107874865156419
"510","intra_agency_coordination","ORG",1,"Drop",Inf,0,0,0,0,0,0,0,NaN,0,0,0,0
"511","ireland","ORG",1,"Drop",Inf,0,0,0,0,0,0,0.00539374325782093,0.25473321858864,0,0,0,0.00539374325782093
"512","ireland_et_al","ORG",1,"Drop",Inf,0,0,0,0,0,0,0,NaN,0,0,0,0
"513","irrigated_lands_coalitions","ORG",1,"Coalition",Inf,0,0,0,0,0,0,0,NaN,0,0,0,0
"514","irrigation_training_research_center","ORG",1,"Research",Inf,0,0,0,0,0,0,0,NaN,0,0,0,0
"515","jm","ORG",1,"Drop",Inf,0,0,0,0,0,0,0,NaN,0,0,0,0
"516","jm_lord","ORG",1,"Private",Inf,0,0,0,0,0,0,0,NaN,0,0,0,0
"517","jet_propulsion_laboratory","ORG",2,"NL_Gov",Inf,0,0,0,0,0,0,0.00107874865156419,0.2152466367713,0,0,0,0.00107874865156419
"518","joint_power_authority","ORG",1,"Ambig",Inf,0,0,0,0,0,0,0,NaN,0,0,0,0
"519","joseph","PERSON",1,NA,Inf,0,0,0,0,0,0,0,NaN,0,0,0,0
"520","juncus","ORG",1,"Drop",Inf,0,0,0,0,0,0,0,NaN,0,0,0,0
"521","jurassic_to_tertiary_age","ORG",1,"Drop",Inf,0,0,0,0,0,0,0,NaN,0,0,0,0
"522","kenneth_d_schmidt_associate_s","PERSON",1,NA,Inf,0,0,0,0,0,0,0,NaN,0,0,0,0
"523","krug","PERSON",1,NA,Inf,0,0,0,0,0,1,0.00107874865156419,0.293279022403259,0,0,0,0.00107874865156419
"524","lacustrine","PERSON",1,NA,Inf,0,0,0,0,0,0,0,NaN,0,0,0,0
"525","land_subsidence_temporal_data_gaps","ORG",1,NA,Inf,0,0,0,0,0,0,0,NaN,0,0,0,0
"526","land_use_plan_assumptions_regulation_requirements","ORG",1,"Drop",Inf,0,0,0,0,0,0,0,NaN,0,0,0,0
"527","lateral","ORG",1,"Drop",Inf,0,0,0,0,0,0,0,NaN,0,0,0,0
"528","law","PERSON",1,"Drop",Inf,0,0,0,0,0,0,0,NaN,0,0,0,0
"529","left_bank_levee","ORG",1,"Drop",Inf,0,0,0,0,0,0,0,NaN,0,0,0,0
"530","legal_authority_aliso_water_district","ORG",1,NA,Inf,0,0,0,0,0,0,0,NaN,0,0,0,0
"531","legal_authority","ORG",1,"Ambig",Inf,0,0,0,0,0,0,0,NaN,0,0,0,0
"532","legislature","ORG",1,"Ambig",Inf,0,0,0,0,0,0,0,NaN,0,0,0,0
"533","leslie_dumas","PERSON",1,NA,Inf,0,0,0,0,0,0,0,NaN,0,0,0,0
"534","levels","PERSON",1,NA,Inf,0,0,0,0,0,0,0,NaN,0,0,0,0
"535","lisa_beutler","PERSON",1,NA,Inf,0,0,0,0,0,0,0,NaN,0,0,0,0
"536","list_of_public_meetings","ORG",1,"Drop",Inf,0,0,0,0,0,0,0,NaN,0,0,0,0
"537","local_surveys","ORG",1,NA,Inf,0,0,0,0,0,0,0,NaN,0,0,0,0
"538","longbarb_arrowhead","ORG",1,"Drop",Inf,0,0,0,0,0,0,0,NaN,0,0,0,0
"539","los_banos_creek_reservoir","GPE",1,NA,Inf,0,0,0,0,0,0,0,NaN,0,0,0,0
"540","los_banos_creek_valley","GPE",1,NA,Inf,0,0,0,0,0,0,0,NaN,0,0,0,0
"541","los_banos_creeks","GPE",1,NA,Inf,0,0,0,0,0,0,0,NaN,0,0,0,0
"542","los_ba√±os","GPE",1,NA,Inf,0,0,0,0,0,0,0,NaN,0,0,0,0
"543","lower_aquifer","ORG",1,"Drop",Inf,0,2,0,0,0,0,0.00215749730312837,0.201936376210235,0,0,0,0.00215749730312837
"544","lower_aquifer_sustainable_yield_estimate","ORG",1,NA,Inf,0,0,0,0,0,0,0,NaN,0,0,0,0
"545","luhdorff_scalmanini","ORG",1,"Consult",Inf,0,0,0,0,0,0,0.00323624595469256,0.308351177730193,0,0,0,0.00323624595469256
"546","magsa","ORG",1,"GSA",Inf,0,0,0,1,0,0,0.00107874865156419,0.293279022403259,0,0,0,0.00107874865156419
"547","mt","GPE",1,NA,Inf,0,0,0,0,0,0,0,NaN,0,0,0,0
"548","macgillivray","PERSON",1,NA,Inf,0,0,0,0,0,0,0,NaN,0,0,0,0
"549","madera_basin","GPE",1,NA,Inf,0,0,0,0,0,0,0,NaN,0,0,0,0
"550","madera_county_groundwater_management_plan","ORG",1,NA,Inf,0,0,0,0,0,0,0,NaN,0,0,0,0
"551","madera_county_municipal_code","ORG",1,NA,Inf,0,0,0,0,0,0,0,NaN,0,0,0,0
"552","madera_integrated_regional_water_managementp","ORG",1,NA,Inf,0,0,0,0,0,0,0,NaN,0,0,0,0
"553","madera_integrated_regional_water_management_plans","ORG",1,NA,Inf,0,0,0,0,0,0,0,NaN,0,0,0,0
"554","madera_integrated_regional_water_management_plan","ORG",1,NA,Inf,0,1,0,0,0,0,0.00107874865156419,NaN,0,0,0.00107874865156419,0
"555","madera_irrigation_district","ORG",1,NA,Inf,0,0,0,0,0,0,0,NaN,0,0,0,0
"556","madera_ranchos","GPE",1,"Drop",Inf,0,0,0,0,0,0,0,NaN,0,0,0,0
"557","madera_subbasins","ORG",1,"Drop",2,0,0,0,1,0,0,0.00107874865156419,NaN,0,0.0393102454519853,0.00107874865156419,0
"558","madera_title_13","ORG",1,NA,Inf,0,0,0,0,0,0,0,NaN,0,0,0,0
"559","mail_chimp","ORG",1,"Drop",Inf,0,0,0,0,0,0,0,NaN,0,0,0,0
"560","management","ORG",2,"Drop",Inf,0,0,0,0,0,0,0,NaN,0,0,0,0
"561","mapping","ORG",1,"Drop",Inf,0,0,0,0,0,0,0,NaN,0,0,0,0
"562","mariposa_slough_control_structure","ORG",1,"Drop",Inf,0,0,0,0,0,0,0,NaN,0,0,0,0
"563","mark_nordberg","PERSON",1,NA,Inf,0,0,0,0,0,0,0.00107874865156419,NaN,0,0,0.00107874865156419,0
"564","mcmullin_groundwater_sustainability_agency","PERSON",1,NA,Inf,0,0,0,0,0,0,0,NaN,0,0,0,0
"565","measurable_description","ORG",1,"Drop",Inf,0,0,0,0,0,0,0,NaN,0,0,0,0
"566","measurable_objectives","ORG",1,"Drop",Inf,0,0,0,0,0,0,0,NaN,0,0,0,0
"567","measurable_objectives_and_minimum_thresholds","ORG",1,"Drop",Inf,0,0,0,0,0,0,0,NaN,0,0,0,0
"568","mendota_coordination_committee","ORG",1,NA,Inf,0,0,0,0,0,0,0,NaN,0,0,0,0
"569","mendota_dam","ORG",1,"Drop",Inf,0,0,0,0,0,0,0,NaN,0,0,0,0
"570","mendota_subbasin_coordination_agreement","ORG",1,"Drop",Inf,0,0,1,0,0,0,0.00107874865156419,NaN,0,0,0.00107874865156419,0
"571","mendota_subbasin_coordination_committee_and_technical_working_group","ORG",1,"GSA",4,0,0,1,0,0,0,0.00107874865156419,NaN,0,0.0168677547086449,0.00107874865156419,0
"572","mendota_subbasin_groundwater_sustainability_plan_groups","PERSON",1,NA,Inf,0,0,0,0,0,0,0,NaN,0,0,0,0
"573","merced_counties","GPE",1,NA,Inf,0,0,0,0,0,0,0,NaN,0,0,0,0
"574","mesocapnia_bulbosa","ORG",1,"Drop",Inf,0,0,0,0,0,0,0,NaN,0,0,0,0
"575","miller","PERSON",1,"Drop",3,0,0,1,0,0,0,0.00107874865156419,NaN,0,0.0428078798444312,0.00107874865156419,0
"576","millerton","PERSON",1,NA,Inf,0,0,0,0,0,0,0,NaN,0,0,0,0
"577","millerton_lake","PERSON",1,NA,Inf,0,0,0,0,0,0,0,NaN,0,0,0,0
"578","millerton_reservoir","PERSON",1,"Drop",Inf,0,0,0,0,0,0,0,NaN,0,0,0,0
"579","minimum_thresholds_measurable_objectives_minimum_thresholds","ORG",1,NA,Inf,0,0,0,0,0,0,0,NaN,0,0,0,0
"580","moderately_poor","PERSON",1,NA,Inf,0,0,0,0,0,0,0,NaN,0,0,0,0
"581","mokelumne_rivers","ORG",1,"Drop",Inf,0,0,0,0,0,0,0,NaN,0,0,0,0
"582","monitoring_networks_and_identification_of_data_gaps","ORG",1,"Drop",Inf,0,0,0,1,0,0,0.00107874865156419,0.295081967213115,0,0,0,0.00107874865156419
"583","monitoring_protocols","ORG",1,"Drop",Inf,0,0,0,0,0,0,0.00107874865156419,NaN,0,0,0.00107874865156419,0
"584","mono_county","GPE",1,NA,Inf,0,0,0,0,0,0,0,NaN,0,0,0,0
"585","monthly","ORG",1,NA,Inf,0,0,2,0,0,0,0.00215749730312837,1,0,0,0,0.00215749730312837
"586","municipal_stakeholders","ORG",1,"Ambig",Inf,0,0,0,0,0,0,0,NaN,0,0,0,0
"587","na_4400","PERSON",1,NA,Inf,0,0,0,0,0,0,0,NaN,0,0,0,0
"588","n_a_n_a_n_a_n_a_n_a_surface_water","ORG",1,NA,Inf,0,0,0,0,0,0,0,NaN,0,0,0,0
"589","national_aeronautics_and_space_administration_s","ORG",1,"NL_Gov",Inf,0,0,0,0,0,0,0,NaN,0,0,0,0
"590","national_geodetic_survey","ORG",1,"Drop",3,0,0,0,0,1,0,0.00107874865156419,NaN,0,0.0229284240447861,0.00107874865156419,0
"591","national_hydrograph_dataset","ORG",1,NA,4,0,0,1,0,0,0,0.00107874865156419,NaN,0,0.00364448696447373,0.00107874865156419,0
"592","natural_resources_conservation","ORG",1,"Drop",Inf,0,0,0,0,0,0,0,NaN,0,0,0,0
"593","navarretia","ORG",1,"Drop",Inf,0,0,0,0,0,0,0,NaN,0,0,0,0
"594","nella","GPE",1,NA,Inf,0,0,0,0,0,0,0,NaN,0,0,0,0
"595","networks","ORG",1,"Drop",Inf,0,0,0,0,0,0,0,NaN,0,0,0,0
"596","new_columbia_ranch","ORG",1,"Drop",Inf,0,0,0,0,0,0,0,NaN,0,0,0,0
"597","no_management_areas","ORG",1,NA,Inf,0,0,0,0,0,0,0,NaN,0,0,0,0
"598","northern_central_delta_mendota_region_management_committee","ORG",1,"Spec_Dist",Inf,0,0,0,0,0,0,0,NaN,0,0,0,0
"599","oneill_agri_management","ORG",1,NA,Inf,0,0,0,0,0,0,0,NaN,0,0,0,0
"600","oneill_dam","ORG",1,"Drop",Inf,0,0,0,0,0,0,0,NaN,0,0,0,0
"601","oregon","GPE",1,NA,Inf,0,0,1,0,0,0,0.00107874865156419,1,0,0,0,0.00107874865156419
"602","organizational_internal_conflicts","ORG",1,"Drop",Inf,0,0,0,0,0,0,0,NaN,0,0,0,0
"603","organizational_internal_executive_sponsorship","ORG",1,"Drop",Inf,0,0,0,0,0,0,0,NaN,0,0,0,0
"604","overdraft_change_in_groundwater_storage_overdraft","ORG",1,NA,Inf,0,0,0,0,0,0,0,NaN,0,0,0,0
"605","p","ORG",1,"Drop",Inf,0,0,0,0,0,0,0,NaN,0,0,0,0
"606","paraleptophlebia_associata","PERSON",1,NA,Inf,0,0,0,0,0,0,0,NaN,0,0,0,0
"607","party_a_party","ORG",1,"Drop",Inf,0,0,0,0,0,0,0,NaN,0,0,0,0
"608","pasture_rangeland","ORG",1,"Drop",Inf,0,0,0,0,0,0,0,NaN,0,0,0,0
"609","paterson","GPE",1,NA,Inf,0,0,0,0,0,0,0,NaN,0,0,0,0
"610","patterson_tranquillity","ORG",1,"Drop",Inf,0,0,0,0,0,0,0,NaN,0,0,0,0
"611","patterson_and_gustine","ORG",1,"Drop",Inf,0,1,0,0,0,0,0.00107874865156419,NaN,0,0,0.00107874865156419,0
"612","periodic_evaluation","ORG",1,"Drop",Inf,0,0,0,0,0,0,0.00107874865156419,0.555555555555556,0,0,0,0.00107874865156419
"613","phalarope_birds_plegadis","ORG",1,"Drop",Inf,0,0,1,0,0,0,0.00107874865156419,1,0,0,0,0.00107874865156419
"614","plants_greene","PERSON",1,NA,Inf,0,0,0,0,0,0,0,NaN,0,0,0,0
"615","potential_agency_partners","ORG",1,"Ambig",Inf,0,0,0,0,0,0,0,NaN,0,0,0,0
"616","pre_groundwater_sustainability_plan_coordination","ORG",1,"Drop",Inf,0,0,0,0,0,0,0,NaN,0,0,0,0
"617","precipitation","ORG",1,"Drop",Inf,0,0,2,0,0,0,0.00215749730312837,NaN,0,0,0.00215749730312837,0
"618","pressure_transducers_groundwater","ORG",1,"Drop",Inf,0,0,0,0,0,0,0,NaN,0,0,0,0
"619","privacy_rights","ORG",1,NA,Inf,0,0,0,0,0,1,0.00107874865156419,NaN,0,0,0.00107874865156419,0
"620","private_agricultural_water_quality_monitoring_agricultural","ORG",1,NA,Inf,0,0,0,0,0,0,0,NaN,0,0,0,0
"621","process_regulation_requirements","ORG",1,NA,Inf,0,0,0,0,0,0,0,NaN,0,0,0,0
"622","procladius_spp","ORG",1,"Drop",Inf,0,0,0,0,0,0,0,NaN,0,0,0,0
"623","project_benefits_groundwater","ORG",1,NA,Inf,0,0,0,0,0,1,0.00107874865156419,0.327272727272727,0,0,0,0.00107874865156419
"624","project_cost_estimate","ORG",1,"Drop",Inf,0,0,0,0,0,0,0,NaN,0,0,0,0
"625","project_description","ORG",1,NA,Inf,0,0,0,0,0,0,0,NaN,0,0,0,0
"626","projected_interim","ORG",1,NA,Inf,0,0,0,0,0,0,0,NaN,0,0,0,0
"627","projects_and_management_actions","ORG",1,"Drop",Inf,0,0,0,0,0,0,0,NaN,0,0,0,0
"628","provost_pritchard","ORG",1,"Consult",Inf,0,0,0,0,0,0,0,NaN,0,0,0,0
"629","provost_pritchard_consulting_group","ORG",1,"Consult",Inf,0,0,0,0,0,0,0.00107874865156419,0.2152466367713,0,0,0,0.00107874865156419
"630","public_engagement_and_outreach_regulation_requirements","ORG",1,NA,Inf,0,0,0,0,0,0,0,NaN,0,0,0,0
"631","public_workshops_coordinated","ORG",1,"Drop",Inf,0,0,0,0,0,0,0,NaN,0,0,0,0
"632","quality_assurance_management_plan","ORG",1,"Drop",Inf,0,0,0,0,0,0,0,NaN,0,0,0,0
"633","quality_of_data","ORG",1,NA,Inf,0,0,0,0,0,0,0,NaN,0,0,0,0
"634","quinto_creek","GPE",1,"Drop",Inf,0,0,0,0,0,0,0,NaN,0,0,0,0
"635","raci","ORG",1,"Drop",Inf,0,0,0,0,0,0,0,NaN,0,0,0,0
"636","reference_point","ORG",2,"Drop",Inf,0,0,0,0,0,0,0,NaN,0,0,0,0
"637","rpe","ORG",1,"Drop",Inf,0,0,0,0,0,0,0,NaN,0,0,0,0
"638","recharge","ORG",1,"Drop",Inf,0,0,0,0,0,0,0,NaN,0,0,0,0
"639","regional_statewide_interests_and_regulators","ORG",1,"Drop",Inf,0,0,0,0,0,0,0,NaN,0,0,0,0
"640","regional_water_management_groups","ORG",1,"Ambig",Inf,0,0,0,0,0,0,0,NaN,0,0,0,0
"641","representatives_and","ORG",1,"Drop",Inf,0,0,0,0,0,0,0,NaN,0,0,0,0
"642","representatives_and_alternate_representatives","ORG",1,"Ambig",Inf,0,0,0,0,0,0,0,NaN,0,0,0,0
"643","required","ORG",1,"Drop",3,0,1,0,0,0,0,0.00107874865156419,NaN,0,0.0191458528607795,0.00107874865156419,0
"644","responsibilities","ORG",1,"Drop",Inf,0,0,0,0,0,0,0,NaN,0,0,0,0
"645","restoration_flows","ORG",2,"Drop",Inf,0,0,0,0,0,0,0,NaN,0,0,0,0
"646","ross","PERSON",1,"Drop",Inf,0,0,1,0,0,0,0.00107874865156419,NaN,0,0,0.00107874865156419,0
"647","rotary_club","ORG",1,"NGO",Inf,0,0,0,0,0,0,0,NaN,0,0,0,0
"648","roy_catania","PERSON",1,NA,1,0,2,0,0,0,0,0.00215749730312837,NaN,0,0.095184441466761,0.00215749730312837,0
"649","rush","ORG",1,"Drop",Inf,0,0,0,0,0,0,0,NaN,0,0,0,0
"650","soil_agricultural_groundwater_banking_index_data","ORG",1,"Drop",Inf,0,0,1,0,0,0,0.00107874865156419,0.209606986899563,0,0,0,0.00107874865156419
"651","sustainable_groundwater_management_act_communications","ORG",1,"Drop",Inf,0,0,0,0,0,0,0,NaN,0,0,0,0
"652","sustainable_groundwater_management_act_compliance","ORG",1,"Drop",Inf,0,0,0,0,0,0,0,NaN,0,0,0,0
"653","sustainable_groundwater_management_act_coordination_requirements_pursuant","ORG",1,"Drop",Inf,0,0,0,0,0,0,0,NaN,0,0,0,0
"654","sustainable_groundwater_management_act_coordinator","ORG",1,"Ambig",Inf,0,0,0,0,0,0,0,NaN,0,0,0,0
"655","sustainable_groundwater_management_act_portal","ORG",1,"Drop",1,0,0,0,0,0,0,0.00107874865156419,NaN,0,0.0558741960147758,0.00107874865156419,0
"656","sustainable_groundwater_management_act_subbasin_coordination_agency","ORG",1,"Ambig",Inf,0,0,0,0,0,0,0,NaN,0,0,0,0
"657","sjb","ORG",1,"Ambig",Inf,0,0,0,0,0,0,0,NaN,0,0,0,0
"658","san_joaquin_river_restoration_program_background_study","ORG",1,NA,Inf,0,0,0,0,0,0,0,NaN,0,0,0,0
"659","sldmwa_member_agencies","ORG",1,"Coalition",4,0,0,1,0,0,0,0.00107874865156419,NaN,0,0.0068043385696744,0.00107874865156419,0
"660","sldmwa_san_joaquin_riverec","ORG",1,"Drop",Inf,0,0,0,0,0,0,0,NaN,0,0,0,0
"661","sldmwa_s_services_either","ORG",1,NA,Inf,0,0,0,0,0,0,0,NaN,0,0,0,0
"662","sldwma","ORG",1,"Coalition",Inf,0,0,0,0,0,0,0,NaN,0,0,0,0
"663","san_joaquin_formation","ORG",1,"Drop",Inf,0,1,0,0,0,0,0.00107874865156419,NaN,0,0,0.00107874865156419,0
"664","san_joaquin_levee_district","GPE",1,NA,Inf,0,0,0,0,0,0,0,NaN,0,0,0,0
"665","san_joaquin_river_basin","GPE",1,NA,Inf,0,0,0,0,0,0,0,NaN,0,0,0,0
"666","san_joaquin_river_exchange_contractors","GPE",1,"Consult",Inf,0,0,0,0,0,0,0,NaN,0,0,0,0
"667","san_joaquin_valley_air_pollution_control_district","GPE",1,"Spec_Dist",Inf,0,0,0,0,0,0,0,NaN,0,0,0,0
"668","san_joaquin_valleys","GPE",1,NA,Inf,0,0,0,0,0,0,0,NaN,0,0,0,0
"669","san_luis","GPE",1,"Drop",Inf,0,0,0,0,0,0,0,NaN,0,0,0,0
"670","san_luis_creek","GPE",1,NA,Inf,0,0,0,0,0,0,0,NaN,0,0,0,0
"671","san_luis_creeks","GPE",1,NA,Inf,0,0,0,0,0,0,0,NaN,0,0,0,0
"672","san_mateo","GPE",1,NA,Inf,0,0,0,0,0,0,0,NaN,0,0,0,0
"673","santa_nella_county_water_district","GPE",1,NA,Inf,0,0,0,0,0,0,0,NaN,0,0,0,0
"674","satellite_interferometric_synthetic_aperture_radar","ORG",1,NA,Inf,0,0,0,0,0,0,0,NaN,0,0,0,0
"675","service_districts","ORG",1,"Ambig",Inf,0,0,0,0,0,0,0,NaN,0,0,0,0
"676","shasta_critical_years","ORG",1,"Drop",Inf,0,0,0,0,0,0,0,NaN,0,0,0,0
"677","shasta_reservoir","ORG",1,"Drop",Inf,0,0,0,0,0,0,0,NaN,0,0,0,0
"678","sierra_nevadan","ORG",1,"Drop",Inf,0,0,0,0,0,0,0,NaN,0,0,0,0
"679","sneed","PERSON",1,NA,Inf,0,0,0,0,0,0,0.00107874865156419,NaN,0,0,0.00107874865156419,0
"680","sneed_et_al","ORG",1,"Drop",Inf,0,0,1,0,0,0,0.00107874865156419,NaN,0,0,0.00107874865156419,0
"681","sora_birds_rallus","PERSON",1,NA,Inf,0,0,0,0,0,0,0,NaN,0,0,0,0
"682","southern_california","ORG",1,"Drop",4,0,0,0,0,0,0,0.00107874865156419,NaN,0,0.012279388924529,0.00107874865156419,0
"683","spanish","ORG",1,"Drop",Inf,0,0,0,0,0,0,0,NaN,0,0,0,0
"684","spatial","ORG",1,"Drop",Inf,0,0,0,0,0,0,0,NaN,0,0,0,0
"685","spatial_data_gaps","ORG",1,NA,Inf,0,0,0,0,0,0,0,NaN,0,0,0,0
"686","speakers_bureau","ORG",1,"Ambig",Inf,0,0,0,0,0,0,0,NaN,0,0,0,0
"687","spring_2013","ORG",1,"Drop",Inf,0,0,0,0,0,0,0,NaN,0,0,0,0
"688","stakeholder_engagement_for_sustainable_groundwater_management_act_implementation_community_water_center","ORG",1,"Drop",Inf,0,0,0,0,0,0,0,NaN,0,0,0,0
"689","standard_operating_procedures","ORG",1,"Drop",Inf,0,0,0,0,0,0,0,NaN,0,0,0,0
"690","state_highways_132","ORG",1,"Drop",Inf,0,1,0,0,0,0,0.00107874865156419,NaN,0,0,0.00107874865156419,0
"691","state_water_projects","ORG",1,"Project",Inf,0,0,0,0,0,0,0,NaN,0,0,0,0
"692","steffens","PERSON",1,NA,Inf,0,0,1,0,0,0,0.00107874865156419,1,0,0,0,0.00107874865156419
"693","storage_cross_check_groundwater","ORG",1,"Drop",Inf,0,0,0,0,0,0,0,NaN,0,0,0,0
"694","subarticle_2_basin_setting","ORG",1,"Drop",Inf,0,0,0,0,0,0,0,NaN,0,0,0,0
"695","subarticle_3","ORG",1,"Drop",Inf,0,0,0,0,0,0,0,NaN,0,0,0,0
"696","subarticle_4_of_article_5","ORG",1,"Drop",Inf,0,0,0,0,0,0,0,NaN,0,0,0,0
"697","subbasin_data_management_system","ORG",1,"Drop",Inf,0,0,0,0,0,0,0,NaN,0,0,0,0
"698","subbasin_working_groups","ORG",1,"Ambig",Inf,0,0,0,0,0,0,0,NaN,0,0,0,0
"699","subgroup_representatives","ORG",1,"Ambig",Inf,0,0,0,0,0,0,0,NaN,0,0,0,0
"700","success","ORG",1,"Drop",Inf,0,0,0,0,0,0,0,NaN,0,0,0,0
"701","success_factors","ORG",1,"Drop",Inf,0,0,0,0,0,0,0,NaN,0,0,0,0
"702","sullivan_et_al","PERSON",1,NA,4,0,0,1,0,0,0,0.00107874865156419,NaN,0,0.00317360832535791,0.00107874865156419,0
"703","surface_groundwater_nexus","ORG",1,"Drop",Inf,0,0,0,0,0,0,0,NaN,0,0,0,0
"704","surface_water_acquisition_programs","ORG",1,NA,Inf,0,0,0,0,0,0,0,NaN,0,0,0,0
"705","surface_water_delivery_projects","ORG",1,NA,3,0,0,0,0,0,1,0.00107874865156419,NaN,0,0.0143292189768056,0.00107874865156419,0
"706","sustainability","ORG",1,"Drop",Inf,0,0,0,0,0,0,0,NaN,0,0,0,0
"707","sustainability_indicators_aliso_water_district","ORG",1,NA,Inf,0,0,0,0,0,0,0,NaN,0,0,0,0
"708","sustainability_indicators_density_of","ORG",1,"Drop",Inf,0,0,0,0,0,0,0,NaN,0,0,0,0
"709","sustainability_projects","ORG",1,NA,Inf,0,0,0,0,0,0,0,NaN,0,0,0,0
"710","swanson","PERSON",1,NA,Inf,0,0,0,0,0,0,0,NaN,0,0,0,0
"711","total_dissolved_solids","ORG",1,"Drop",Inf,0,0,1,0,0,0,0.00107874865156419,NaN,0,0,0.00107874865156419,0
"712","tm","PERSON",1,"Drop",Inf,0,0,0,0,0,0,0,NaN,0,0,0,0
"713","table_corcoran_clay12_and_table_corcoran_clay13","ORG",1,NA,Inf,0,0,0,0,0,0,0,NaN,0,0,0,0
"714","table_corcoran_clay7","ORG",1,NA,Inf,0,0,0,0,0,0,0,NaN,0,0,0,0
"715","table_numbers","ORG",1,NA,Inf,0,0,0,0,0,0,0.00107874865156419,1,0,0,0,0.00107874865156419
"716","technical_memoranda_4","ORG",1,"Drop",Inf,0,0,0,0,0,0,0,NaN,0,0,0,0
"717","technical_memorandum","ORG",1,"Drop",Inf,0,0,0,0,0,0,0,NaN,0,0,0,0
"718","temperance_flat","ORG",1,"Drop",3,0,0,1,0,0,0,0.00107874865156419,NaN,0,0.0428078798444312,0.00107874865156419,0
"719","temporal_data_gaps","ORG",1,NA,Inf,0,0,0,0,0,0,0,NaN,0,0,0,0
"720","tetra_tech","ORG",1,"Consult",Inf,0,0,0,0,0,0,0,NaN,0,0,0,0
"721","tetra_tech_studies","ORG",1,NA,Inf,0,0,0,0,0,0,0,NaN,0,0,0,0
"722","thamnophis","PERSON",1,NA,Inf,0,0,0,0,0,0,0,NaN,0,0,0,0
"723","aliso_water_district_groundwater_sustainability_agency_s","ORG",1,NA,Inf,0,0,0,0,0,0,0,NaN,0,0,0,0
"724","background_study_percent","ORG",1,NA,Inf,0,0,0,0,0,0,0,NaN,0,0,0,0
"725","california_department_of_transportation","ORG",1,"CA_Gov",Inf,0,1,0,0,0,0,0.00107874865156419,1,0,0,0,0.00107874865156419
"726","central_valley_floor","ORG",1,"Drop",Inf,0,0,0,0,0,0,0,NaN,0,0,0,0
"727","central_valley_salt_and_nitrate_management_plan","ORG",1,NA,Inf,0,1,0,0,0,0,0.00107874865156419,1,0,0,0,0.00107874865156419
"728","comprehensive_environmental_response_compensation","ORG",1,"Drop",Inf,0,0,0,0,0,0,0,NaN,0,0,0,0
"729","coordination_committee_technical_and_communications_working_groups","ORG",1,"Ambig",Inf,0,0,0,0,0,0,0,NaN,0,0,0,0
"730","delta_mendota_communications_working_group","ORG",1,"GSA",Inf,0,0,0,0,0,0,0,NaN,0,0,0,0
"731","delta_mendota_subbasin_coordination_agreement","ORG",2,"Drop",Inf,0,0,0,0,0,0,0,NaN,0,0,0,0
"732","delta_mendota_technical_working_group","ORG",2,"GSA",Inf,0,0,0,0,1,0,0.00107874865156419,1,0,0,0,0.00107874865156419
"733","delta_mendota_subbasin_situation_assessment","ORG",1,"Drop",Inf,0,0,0,0,0,0,0,NaN,0,0,0,0
"734","federal_insecticide_fungicide","ORG",1,"Drop",Inf,0,0,0,0,0,0,0,NaN,0,0,0,0
"735","fresno_county_general_plan","ORG",1,"Drop",Inf,0,0,0,0,0,0,0,NaN,0,0,0,0
"736","general_plans","ORG",2,"Drop",Inf,0,0,0,0,0,0,0,NaN,0,0,0,0
"737","irrigated_lands_program","ORG",2,"Project",Inf,0,0,0,0,0,0,0,NaN,0,0,0,0
"738","madera_county_elevation_monitoring_statewide_groundwater_elevation_monitoring","ORG",1,NA,Inf,0,1,0,0,0,0,0.00107874865156419,0.327272727272727,0,0,0,0.00107874865156419
"739","mendota_pool_pumpers_group","ORG",1,NA,Inf,0,0,0,0,0,0,0,NaN,0,0,0,0
"740","merced_farm_bureau","ORG",1,"CBO",Inf,0,0,0,0,0,0,0,NaN,0,0,0,0
"741","resource_conservation_and_recovery_act","ORG",1,"Drop",Inf,0,0,0,0,0,0,0,NaN,0,0,0,0
"742","state_board","ORG",2,"Ambig",Inf,0,0,0,0,0,0,0.00107874865156419,0.272727272727273,0,0,0,0.00107874865156419
"743","toxic_substances_control_act","ORG",1,"Drop",Inf,0,0,0,0,0,0,0,NaN,0,0,0,0
"744","united_states_geological_survey_groundwater_technical_procedures","ORG",1,NA,Inf,0,0,0,0,0,0,0,NaN,0,0,0,0
"745","united_states_geological_survey_national_field_manual","ORG",2,NA,Inf,0,0,0,0,0,0,0,NaN,0,0,0,0
"746","upper_aquifer","ORG",1,"Drop",Inf,0,0,0,0,0,0,0,NaN,0,0,0,0
"747","this_common_chapter","PERSON",1,NA,Inf,0,0,0,0,2,0,0.00107874865156419,0.299376299376299,0,0,0,0.00107874865156419
"748","threatened","ORG",1,"Drop",Inf,0,0,1,0,0,0,0.00107874865156419,NaN,0,0,0.00107874865156419,0
"749","threshold_exceedance","PERSON",1,NA,Inf,0,0,0,0,0,0,0,NaN,0,0,0,0
"750","threshold_measurement_methods_regulation_requirements","ORG",1,NA,Inf,0,0,0,0,0,0,0,NaN,0,0,0,0
"751","traction_ranch","ORG",1,"Private",Inf,0,0,0,0,0,0,0,NaN,0,0,0,0
"752","tracy_subbasin","PERSON",1,NA,Inf,0,0,0,0,0,0,0,NaN,0,0,0,0
"753","transmissivity","ORG",1,"Drop",Inf,0,0,0,0,0,0,0,NaN,0,0,0,0
"754","trevor_joseph","PERSON",1,NA,Inf,0,0,0,0,0,0,0.00107874865156419,NaN,0,0,0.00107874865156419,0
"755","trichocorixa","ORG",1,"Drop",Inf,0,0,0,0,0,0,0,NaN,0,0,0,0
"756","turlock_subbasins","PERSON",1,NA,Inf,0,2,0,0,0,0,0.00215749730312837,NaN,0,0,0.00215749730312837,0
"757","tyler_hatch","PERSON",1,NA,Inf,0,0,0,0,0,0,0,NaN,0,0,0,0
"758","unavco_continuous_global_positioning_system","ORG",1,NA,Inf,0,0,0,0,0,0,0,NaN,0,0,0,0
"759","army_corps_of_engineers","ORG",1,"NL_Gov",3,0,0,0,0,1,0,0.00107874865156419,NaN,0,0.0229284240447861,0.00107874865156419,0
"760","united_states_bureau_of_reclamation_united_states_army_corps_of_engineers","ORG",1,NA,Inf,0,0,0,0,0,0,0,NaN,0,0,0,0
"761","department_of_agriculture","ORG",1,"NL_Gov",Inf,0,0,1,0,0,0,0.00107874865156419,1,0,0,0,0.00107874865156419
"762","united_states_geological_survey_water_supply_paper_2175","ORG",1,NA,Inf,0,0,0,0,0,0,0,NaN,0,0,0,0
"763","us_census_bureau_s","ORG",1,"NL_Gov",3,0,0,1,0,0,1,0.00107874865156419,NaN,0,0.0736083716729575,0.00107874865156419,0
"764","us_fish_and_wildlife_service","ORG",1,"NL_Gov",2,0,1,0,0,0,0,0.00107874865156419,NaN,0,0.0904035518886909,0.00107874865156419,0
"765","us_geological_survey_professional_paper","ORG",1,NA,Inf,0,0,0,0,0,0,0.00107874865156419,0.272211720226843,0,0,0,0.00107874865156419
"766","undesirable_results","ORG",1,"Drop",Inf,0,0,0,0,0,0,0,NaN,0,0,0,0
"767","united_states_census","ORG",1,"Drop",Inf,0,0,0,0,0,0,0,NaN,0,0,0,0
"768","university_navstar","ORG",1,"Research",Inf,0,0,0,0,0,0,0,NaN,0,0,0,0
"769","upper_aquifer_groundwater_levels_and_groundwater_storage_threshold_development_regulation_requirements","ORG",1,NA,Inf,0,0,0,0,0,0,0,NaN,0,0,0,0
"770","upper_aquifer_groundwater_storage_water","ORG",1,NA,Inf,0,0,0,0,0,0,0,NaN,0,0,0,0
"771","upper_aquifer_overdraft_change","ORG",1,NA,Inf,0,0,0,0,0,0,0,NaN,0,0,0,0
"772","upper_aquifer_sustainable_yield_estimate_methodologies","ORG",1,NA,Inf,0,0,0,0,0,0,0,NaN,0,0,0,0
"773","vegetative_groundwater_dependent_ecosystem","ORG",1,NA,Inf,0,0,0,0,0,0,0,NaN,0,0,0,0
"774","via_ca_dept","ORG",1,"Drop",Inf,0,0,0,0,0,0,0,NaN,0,0,0,0
"775","vineyards_orchard","ORG",1,"Drop",Inf,0,0,0,0,0,0,0,NaN,0,0,0,0
"776","vireo_birds_vireo","ORG",1,"Drop",Inf,0,0,0,0,0,0,0,NaN,0,0,0,0
"777","virginia_rail","ORG",1,"Private",Inf,0,0,0,0,0,0,0,NaN,0,0,0,0
"778","water_data_library","ORG",1,"Drop",Inf,0,0,0,0,0,0,0,NaN,0,0,0,0
"779","wse","ORG",1,"Drop",Inf,0,0,0,0,0,0,0,NaN,0,0,0,0
"780","wy2005","ORG",1,"Drop",Inf,0,0,0,0,0,0,0,NaN,0,0,0,0
"781","wy2015","ORG",1,"Drop",3,0,0,0,0,0,0,0.00107874865156419,NaN,0,0.0232520298315342,0.00107874865156419,0
"782","waste_discharge_requirements","ORG",1,"Drop",Inf,0,0,0,0,0,0,0,NaN,0,0,0,0
"783","water_agencies","ORG",1,"Ambig",Inf,0,0,0,0,0,0,0,NaN,0,0,0,0
"784","water_quality_for_agriculture","ORG",1,NA,Inf,0,0,0,0,0,0,0,NaN,0,0,0,0
"785","water_resources","ORG",1,"Ambig",Inf,0,0,0,0,0,0,0,NaN,0,0,0,0
"786","weather_water_project","ORG",1,NA,Inf,0,0,0,0,0,0,0,NaN,0,0,0,0
"787","well_completion_report_map_application","ORG",1,"Drop",Inf,0,0,0,0,0,0,0,NaN,0,0,0,0
"788","westside_groundwater_sustainability_plan","ORG",1,NA,Inf,0,0,0,0,0,0,0,NaN,0,0,0,0
"789","woodard_curran","ORG",1,"Drop",Inf,0,0,0,0,0,0,0,NaN,0,0,0,0
"790","woodard_curran_provost_pritchard","ORG",1,"Consult",Inf,0,0,0,0,0,0,0.00107874865156419,1,0,0,0,0.00107874865156419
"791","work_of_subcommittees_and","ORG",1,"Drop",Inf,0,1,0,0,0,0,0.00107874865156419,0.253968253968254,0,0,0,0.00107874865156419
"792","workgroups_the_coordination_committee","ORG",1,"Ambig",Inf,0,0,0,0,0,0,0,NaN,0,0,0,0
"793","yerba_mansa","PERSON",1,NA,Inf,0,0,0,0,0,0,0,NaN,0,0,0,0
"794","a_aliso_water_district","ORG",1,"Spec_Dist",Inf,0,0,0,0,0,0,0.00107874865156419,1,0,0,0,0.00107874865156419
"795","a_coordination_committee","ORG",1,"Ambig",Inf,0,0,0,0,0,0,0,NaN,0,0,0,0
"796","a_national_aeronautics_and_space_administration_jet_propulsion_laboratory","ORG",1,"NL_Gov",Inf,0,0,0,0,0,0,0.00107874865156419,0.204255319148936,0,0,0,0.00107874865156419
"797","a_upper_aquifer","ORG",1,NA,Inf,0,0,0,0,0,0,0,NaN,0,0,0,0
"798","albifrons_goose","ORG",1,"Drop",Inf,0,0,1,0,0,0,0.00107874865156419,NaN,0,0,0.00107874865156419,0
"799","andrewgarciasldmwaorg","ORG",1,"Drop",2,0,0,2,0,0,0,0.00215749730312837,NaN,0,0.0901488775055163,0.00215749730312837,0
"800","b_grassland_groundwater_sustainability_plan","PERSON",1,NA,Inf,0,0,0,0,0,0,0.00107874865156419,1,0,0,0,0.00107874865156419
"801","c_department_of_water_resources","PERSON",1,NA,Inf,0,0,0,0,0,0,0,NaN,0,0,0,0
"802","c_fresno_management_areas_a_b","ORG",1,"Drop",Inf,0,0,0,0,0,0,0,NaN,0,0,0,0
"803","c_northern_central_delta_mendota_regions_groundwater_sustainability_plan","ORG",1,"Drop",Inf,0,0,0,0,0,0,0.00107874865156419,0.231139646869984,0,0,0,0.00107874865156419
"804","county_farm","ORG",1,"Ambig",2,0,0,1,0,0,0,0.00107874865156419,NaN,0,0.0904035518886909,0.00107874865156419,0
"805","e_northern_central_delta_mendota","ORG",1,"Drop",Inf,0,0,0,0,0,0,0,NaN,0,0,0,0
"806","e_northern_central_delta_mendota_regions","ORG",1,"Drop",Inf,0,0,0,0,0,0,0,NaN,0,0,0,0
"807","for","ORG",1,"Drop",2,0,0,0,0,0,0,0.00107874865156419,NaN,0,0.0128804014895399,0.00107874865156419,0
"808","httpsgmawatercagovbasinmodbasinrequestpreview23","GPE",1,NA,Inf,0,0,0,0,0,0,0,NaN,0,0,0,0
"809","httpwwwprismoregonstateedu","GPE",1,NA,Inf,0,0,0,0,0,0,0,NaN,0,0,0,0
"810","httpwwwrestoresjrnetmonitoringdatasubsidencemonitoring_maps","GPE",1,NA,Inf,0,0,0,0,0,0,0,NaN,0,0,0,0
"811","i_aerial","ORG",1,"Drop",Inf,0,0,0,0,0,0,0,NaN,0,0,0,0
"812","i_spring_2003","ORG",1,"Drop",Inf,0,0,0,0,0,0,0,NaN,0,0,0,0
"813","i_upper","ORG",1,"Drop",Inf,0,0,0,0,0,0,0,NaN,0,0,0,0
"814","medusa_head","PERSON",1,NA,Inf,0,0,0,0,0,0,0,NaN,0,0,0,0
"815","most","ORG",1,"Drop",Inf,0,0,0,0,0,0,0.00107874865156419,1,0,0,0,0.00107874865156419
"816","or","ORG",1,NA,Inf,0,0,0,0,0,0,0,NaN,0,0,0,0
"817","post","ORG",1,"Drop",Inf,0,0,0,0,0,0,0,NaN,0,0,0,0
"818","precipitation_data","ORG",1,"Drop",Inf,0,0,2,0,0,0,0.00215749730312837,1,0,0,0,0.00215749730312837
"819","rossii","PERSON",1,NA,Inf,0,0,1,0,0,0,0.00107874865156419,NaN,0,0,0.00107874865156419,0
"820","s","ORG",1,"Drop",Inf,0,0,0,1,0,0,0.00107874865156419,NaN,0,0,0.00107874865156419,0
"821","subbasin_sustainable_groundwater_management_act","ORG",1,"Drop",Inf,0,0,0,0,0,0,0,NaN,0,0,0,0
"822","subterr√°nea_en","PERSON",1,NA,Inf,0,0,0,0,0,0,0,NaN,0,0,0,0
"823","aliso_water_district_office","ORG",1,NA,Inf,0,0,0,0,0,0,0,NaN,0,0,0,0
"824","applications_to_appropriate_water","ORG",1,NA,Inf,0,0,0,0,0,0,0,NaN,0,0,0,0
"825","bifurcation_structure","ORG",1,"Drop",Inf,0,0,0,0,0,0,0,NaN,0,0,0,0
"826","bureau_for_reclamation_s","ORG",1,NA,Inf,0,0,0,0,0,0,0,NaN,0,0,0,0
"827","customs_and_border_protection_station","ORG",1,"Drop",Inf,0,0,0,0,0,0,0,NaN,0,0,0,0
"828","central_valley_project_friant_system","ORG",1,NA,Inf,0,0,0,0,0,0,0,NaN,0,0,0,0
"829","california_division_of_drinking_water","ORG",1,"NL_Gov",Inf,0,0,0,0,0,0,0,NaN,0,0,0,0
"830","california_elevation_monitoring","ORG",1,"Drop",Inf,0,0,0,0,0,0,0,NaN,0,0,0,0
"831","california_health_and_safety_code","ORG",1,"Drop",Inf,0,1,0,0,0,0,0.00107874865156419,0.6,0,0,0,0.00107874865156419
"832","california_institute_of_technology","ORG",1,"Research",Inf,0,0,0,0,0,0,0.00107874865156419,0.2152466367713,0,0,0,0.00107874865156419
"833","irrigation_management_information_system","ORG",1,"CA_Gov",Inf,0,0,0,0,0,0,0,NaN,0,0,0,0
"834","statewide_groundwater_elevation_monitoring_program","ORG",1,"Project",Inf,0,0,0,0,0,0,0,NaN,0,0,0,0
"835","california_statewide_median_household_income","ORG",1,"Drop",2,0,0,0,0,0,0,0.00107874865156419,NaN,0,0.0904035518886909,0.00107874865156419,0
"836","central_california_irrigation_district_s","ORG",1,NA,2,0,2,0,0,0,0,0.00215749730312837,NaN,0,0.129459122957502,0.00215749730312837,0
"837","chowchilla_bifurcation_structure_to_sand_slough","ORG",1,NA,Inf,0,0,0,0,0,0,0,NaN,0,0,0,0
"838","chowchilla_bypass_water_rights","ORG",1,NA,Inf,0,0,0,0,0,0,0,NaN,0,0,0,0
"839","chowchilla_canal_bypass","ORG",1,NA,Inf,0,0,0,0,0,0,0,NaN,0,0,0,0
"840","chowchilla_subbasin","ORG",1,"Drop",Inf,0,0,0,0,0,0,0,NaN,0,0,0,0
"841","city_of_stockton","GPE",1,NA,4,0,1,0,0,0,0,0.00107874865156419,NaN,0,0.00317360832535791,0.00107874865156419,0
"842","communication","ORG",1,"Drop",Inf,0,0,0,0,0,0,0,NaN,0,0,0,0
"843","coms_plan_s","ORG",1,"Drop",Inf,0,0,0,0,0,0,0,NaN,0,0,0,0
"844","coordinate_committee","ORG",1,"Ambig",Inf,0,0,0,0,0,0,0,NaN,0,0,0,0
"845","coordinated_delta_mendota_water_budget","ORG",1,"Drop",Inf,0,0,0,0,0,0,0,NaN,0,0,0,0
"846","coordination_committee_and_coordination_agreement","ORG",1,"Drop",Inf,0,0,0,0,0,0,0,NaN,0,0,0,0
"847","coordination_committee_of_the_authorization","ORG",1,"Drop",Inf,0,0,0,0,1,0,0.00107874865156419,NaN,0,0,0.00107874865156419,0
"848","cosumnes_subbasin","ORG",1,"Drop",Inf,0,0,0,0,0,0,0,NaN,0,0,0,0
"849","cottonwood_creek_recharge_project","ORG",1,"Project",Inf,0,0,0,0,0,0,0,NaN,0,0,0,0
"850","county_of","GPE",1,"Drop",Inf,0,0,0,0,0,0,0,NaN,0,0,0,0
"851","county_of_madera","GPE",1,NA,2,0,1,0,0,0,0,0.00107874865156419,NaN,0,0.0393102454519853,0.00107874865156419,0
"852","county_of_merced","GPE",1,NA,Inf,0,0,0,0,0,0,0,NaN,0,0,0,0
"853","current_conditions_water_budget","ORG",1,"Drop",Inf,0,0,0,0,0,0,0,NaN,0,0,0,0
"854","department_of_water_resources_california_simulation_of_evapotranspiration_of_applied_water","ORG",1,"Drop",Inf,0,0,0,0,0,0,0,NaN,0,0,0,0
"855","del_puerto_water_district","ORG",1,NA,Inf,0,0,0,0,0,0,0,NaN,0,0,0,0
"856","delta_mendota_hydrogeological_conceptual_model","ORG",1,"Drop",Inf,0,0,0,0,0,0,0,NaN,0,0,0,0
"857","delta_mendota_plan_manager","ORG",1,NA,Inf,0,0,0,0,0,0,0,NaN,0,0,0,0
"858","department_monitoring","ORG",1,"Drop",Inf,0,0,0,0,0,0,0,NaN,0,0,0,0
"859","department_regulation_requirements","ORG",1,"Drop",Inf,0,0,0,0,0,0,0,NaN,0,0,0,0
"860","district_groundwater_sustainability_agency","ORG",1,NA,Inf,0,0,0,0,0,0,0,NaN,0,0,0,0
"861","district_s_board_of_directors","ORG",1,"Ambig",Inf,0,0,0,0,0,0,0,NaN,0,0,0,0
"862","east_stanislaus","ORG",1,"Drop",Inf,0,0,0,0,0,0,0,NaN,0,0,0,0
"863","element","ORG",1,"Drop",Inf,0,0,0,0,0,0,0,NaN,0,0,0,0
"864","fresno_slough_reach","ORG",1,NA,Inf,0,0,0,0,0,0,0,NaN,0,0,0,0
"865","groundwater_sustainability_agency_board","ORG",1,NA,Inf,0,0,0,0,0,0,0,NaN,0,0,0,0
"866","groundwater_sustainability_plan_group_alternate","ORG",1,"Drop",Inf,0,0,0,0,0,0,0,NaN,0,0,0,0
"867","groundwater_sustainability_plan_group_representatives_and_alternate_representatives","ORG",1,"Ambig",Inf,0,0,0,0,0,0,0,NaN,0,0,0,0
"868","grassland_drainage_area_coalition","ORG",1,"Coalition",Inf,0,0,0,0,0,0,0,NaN,0,0,0,0
"869","herminghaus_agreement","ORG",1,NA,Inf,0,0,0,0,0,0,0,NaN,0,0,0,0
"870","hydrogeologic_conceptual_model_water_budget","ORG",1,"Drop",Inf,0,0,0,0,0,0,0,NaN,0,0,0,0
"871","integrated_water_flow_model","ORG",1,"Drop",2,0,0,1,0,0,0,0.00107874865156419,NaN,0,0.0128804014895399,0.00107874865156419,0
"872","interim_flows","ORG",1,"Drop",Inf,0,0,0,0,0,0,0,NaN,0,0,0,0
"873","interior_indian_affairs","ORG",1,NA,Inf,0,0,0,0,0,0,0,NaN,0,0,0,0
"874","monitoring_network","ORG",1,"Drop",Inf,0,0,0,0,0,0,0,NaN,0,0,0,0
"875","monitoring_network_and_identification_of_data_gaps_best_management_practice","ORG",1,"Drop",Inf,0,0,0,0,0,0,0,NaN,0,0,0,0
"876","natural_communities_dataset_viewer","ORG",1,NA,Inf,0,0,0,0,0,0,0,NaN,0,0,0,0
"877","north_american_vertical_datum","ORG",1,"Drop",Inf,0,0,0,0,0,0,0,NaN,0,0,0,0
"878","northern_central_delta_mendota_groundwater_sustainability_plan","ORG",1,"Drop",Inf,0,0,0,0,0,0,0,NaN,0,0,0,0
"879","northern_central_delta_mendota_region_groundwater_sustainability_plan","ORG",1,"Drop",Inf,0,0,0,0,0,0,0,NaN,0,0,0,0
"880","northern_central_delta_mendota_region_groundwater_sustainability_plan_group","ORG",1,"GSA",Inf,0,0,0,0,0,0,0,NaN,0,0,0,0
"881","pew_research_center","ORG",1,"Research",Inf,0,0,0,0,0,0,0,NaN,0,0,0,0
"882","plan_s","ORG",1,"Drop",Inf,0,0,0,0,0,0,0,NaN,0,0,0,0
"883","planning_and_conservation_league","ORG",1,NA,Inf,0,0,0,0,0,0,0,NaN,0,0,0,0
"884","projects_and_management_action_ad_hoc_committee","ORG",1,NA,Inf,0,0,0,0,0,0,0,NaN,0,0,0,0
"885","projects_and_management_actions_ad_hoc_committee","ORG",1,NA,Inf,0,0,0,0,0,0,0,NaN,0,0,0,0
"886","prop_1_sustainable_groundwater_planning_grant","ORG",1,"Drop",Inf,0,0,0,0,0,0,0,NaN,0,0,0,0
"887","public_utilities_commission","ORG",1,"CA_Gov",Inf,0,0,0,0,0,0,0,NaN,0,0,0,0
"888","ralph_m_brown_act_54950","ORG",1,"Drop",Inf,0,1,0,0,0,0,0.00107874865156419,NaN,0,0,0.00107874865156419,0
"889","regional_boards","ORG",1,"Ambig",Inf,0,1,0,0,0,0,0.00107874865156419,NaN,0,0,0.00107874865156419,0
"890","regional_water_quality_control_board","ORG",1,"Loc_Gov",Inf,0,0,0,0,0,0,0,NaN,0,0,0,0
"891","regional_water_quality_control_boards","ORG",1,"NL_Gov",Inf,0,0,0,0,0,0,0,NaN,0,0,0,0
"892","san_joaquin_river_exchange_contractors_groundwater_sustainability_agency","ORG",1,NA,Inf,0,0,0,0,0,0,0,NaN,0,0,0,0
"893","san_joaquin_river_restoration_program_evaluation_of_the_effect_of_subsidence","ORG",1,NA,Inf,0,0,0,0,0,0,0,NaN,0,0,0,0
"894","sldmwa_administration_offices","ORG",1,"Coalition",Inf,0,0,0,0,2,0,0.00215749730312837,NaN,0,0,0.00215749730312837,0
"895","san_benito_county_water_district_groundwater_sustainability_agency","ORG",1,NA,Inf,0,0,0,0,0,0,0,NaN,0,0,0,0
"896","san_luis_canal_company_s","ORG",1,NA,Inf,0,0,0,0,0,0,0,NaN,0,0,0,0
"897","san_luis_drain","ORG",1,"Drop",Inf,0,0,0,0,0,0,0,NaN,0,0,0,0
"898","santa_clara_valley_water_district","ORG",1,NA,Inf,0,0,0,0,0,0,0,NaN,0,0,0,0
"899","settlement_hydrograph","ORG",1,NA,Inf,0,0,0,0,0,0,0,NaN,0,0,0,0
"900","soil_agricultural_groundwater_banking","ORG",1,"Drop",Inf,0,0,0,0,0,0,0,NaN,0,0,0,0
"901","spreckels_sugar_company","ORG",1,"Private",Inf,0,0,0,0,0,0,0,NaN,0,0,0,0
"902","state_environmental_laboratory_accreditation_program","ORG",1,"Project",Inf,0,0,0,0,0,0,0,NaN,0,0,0,0
"903","state_of","ORG",1,"Drop",Inf,0,0,0,0,0,0,0,NaN,0,0,0,0
"904","subsidence_mapping_method","ORG",1,NA,Inf,0,0,0,0,0,0,0,NaN,0,0,0,0
"905","sustainable_management_of_groundwater_monitoring_protocols","ORG",1,"Drop",Inf,0,0,0,1,0,0,0.00107874865156419,0.295081967213115,0,0,0,0.00107874865156419
"906","sustainable_management_of_groundwater_sustainable_management_criteria_best_management_practice","ORG",1,NA,Inf,0,0,1,0,0,1,0.00107874865156419,0.27852998065764,0,0,0,0.00107874865156419
"907","sustainable_management_of_groundwater_water_budget","ORG",1,"Drop",Inf,0,0,1,0,0,0,0.00107874865156419,0.27852998065764,0,0,0,0.00107874865156419
"908","technical_memoranda_and_coordination_agreement","ORG",1,"Drop",Inf,0,0,0,0,0,0,0,NaN,0,0,0,0
"909","technical_memorandums","ORG",1,"Drop",Inf,0,0,0,0,0,0,0,NaN,0,0,0,0
"910","temperance_flat_rm","ORG",1,NA,Inf,0,0,0,0,0,0,0,NaN,0,0,0,0
"911","tracy_fish_collection_facility","ORG",1,"NL_Gov",Inf,0,0,0,0,0,0,0,NaN,0,0,0,0
"912","tranquillity_irrigation_district","ORG",1,NA,Inf,0,0,0,0,0,0,0,NaN,0,0,0,0
"913","us_army_corps_of_engineers_corps","ORG",1,NA,Inf,0,0,0,0,0,0,0,NaN,0,0,0,0
"914","us_bureau_of_reclamation_bureau","ORG",1,NA,Inf,0,0,0,0,0,0,0,NaN,0,0,0,0
"915","us_census_american_community_survey","ORG",1,"Drop",Inf,0,0,0,0,0,0,0,NaN,0,0,0,0
"916","us_department_of_agriculture_s","ORG",1,"NL_Gov",Inf,0,0,0,0,0,0,0,NaN,0,0,0,0
"917","us_departments","ORG",1,"Ambig",3,0,1,0,0,0,0,0.00107874865156419,NaN,0,0.0428078798444312,0.00107874865156419,0
"918","upper_san_joaquin_river_basin_storage_investigation","ORG",1,NA,Inf,0,0,0,0,0,0,0,NaN,0,0,0,0
"919","upper_and_lower_aquifer","ORG",1,"Drop",Inf,0,0,4,0,0,0,0.00431499460625674,0.296907216494845,0,0,0,0.00431499460625674
"920","water_boards","ORG",1,"Ambig",Inf,0,0,0,0,0,0,0,NaN,0,0,0,0
"921","westside_san_joaquin","ORG",1,"Drop",Inf,0,0,0,0,0,0,0.00107874865156419,0.666666666666667,0,0,0,0.00107874865156419
"922","westside_san_joaquin_river_watershed_coalition","ORG",1,"Coalition",Inf,0,0,0,0,0,0,0,NaN,0,0,0,0
"923","subbasin_groundwater_sustainability_agency_boards","ORG",1,NA,Inf,0,0,0,0,0,0,0,NaN,0,0,0,0
"924","this_best_management_practice","ORG",1,"Drop",Inf,0,0,0,0,0,0,0.00107874865156419,1,0,0,0,0.00107874865156419
"925","to_achieve_sustainability","ORG",1,"Drop",Inf,0,0,0,0,0,0,0,NaN,0,0,0,0
"926","to_address_lack_of_unanimity_of_the_coordination_agreement","ORG",1,"Drop",Inf,0,0,0,0,0,0,0,NaN,0,0,0,0
"927","wild_barley","PERSON",1,NA,Inf,0,0,0,0,0,0,0,NaN,0,0,0,0
"928","ùõ•wl_a_where_sy","ORG",1,NA,Inf,0,0,0,0,0,0,0,NaN,0,0,0,0
